OverallQual,TotalSF,GrLivArea,GarageCars,TotalBath,TotRmsAbvGrd,OverallCond,ExterQual,KitchenQual,YearBuilt,HouseAge,RemodAge,HasGarage,HasFireplace,HasBasement,SalePrice,LogSalePrice
7,2566,1710,2,3.5,8,5,4,4,2003,5,5,1,0,1,208500,12.24769911637256
6,2524,1262,2,2.5,6,8,3,3,1976,31,31,1,1,1,181500,12.109016442313738
7,2706,1786,2,3.5,6,5,4,4,2001,7,6,1,1,1,223500,12.317171167298682
7,2473,1717,3,2.0,7,5,3,4,1915,91,36,1,1,1,140000,11.849404844423074
8,3343,2198,3,3.5,9,5,4,4,2000,8,8,1,1,1,250000,12.429220196836383
5,2158,1362,2,2.5,5,5,3,3,1993,16,14,1,0,1,143000,11.870606902224587
8,3380,1694,2,3.0,7,5,4,4,2004,3,2,1,1,1,307000,12.634606283893019
7,3197,2090,2,3.5,7,6,3,3,1973,36,36,1,1,1,200000,12.206077645517674
7,2726,1774,2,2.0,8,5,3,3,1931,77,58,1,1,1,129900,11.774527900858468
5,2068,1077,1,2.0,5,6,3,3,1939,69,58,1,1,1,118000,11.678448377988165
5,2080,1040,1,2.0,5,5,3,3,1965,43,43,1,0,1,129500,11.771443882099637
9,3499,2324,3,4.0,11,5,5,5,2005,1,0,1,1,1,345000,12.75130259456002
5,1824,912,1,2.0,4,6,3,3,1962,46,46,1,0,1,144000,11.87757552297847
7,2988,1494,3,2.0,7,5,4,4,2006,1,0,1,1,1,279500,12.540761149388421
6,2506,1253,1,2.5,5,5,3,3,1960,48,48,1,1,1,157000,11.964007453736912
7,1686,854,2,1.0,5,8,3,3,1929,78,6,1,0,1,132000,11.790564777297387
6,2008,1004,2,2.0,5,7,3,3,1970,40,40,1,1,1,149000,11.91170829631447
4,1296,1296,2,2.0,6,5,3,3,1967,39,39,1,0,0,90000,11.407576060361786
5,2228,1114,2,2.5,6,5,3,4,2004,4,4,1,0,1,159000,11.976665770490767
5,2368,1339,1,1.0,6,6,3,3,1958,51,44,1,0,1,139000,11.842236406331555
8,3534,2376,3,3.5,9,5,4,4,2005,1,0,1,1,1,325300,12.692506186542177
7,1745,1108,1,1.0,6,7,3,4,1930,77,57,1,1,1,139400,11.845109950883979
8,3572,1795,2,2.0,7,5,4,4,2002,6,6,1,1,1,230000,12.345838935721968
5,2100,1060,2,2.0,6,7,3,3,1976,31,31,1,1,1,129900,11.774527900858468
5,2120,1060,1,2.0,6,8,3,4,1968,42,9,1,1,1,154000,11.944714374881176
8,3166,1600,3,2.0,7,5,4,4,2007,2,2,1,1,1,256300,12.454107814022272
5,1800,900,2,1.5,5,7,3,4,1951,59,10,1,0,1,134800,11.811554895830454
8,3408,1704,3,3.0,7,5,4,4,2007,3,2,1,1,1,306000,12.631343648903034
5,3084,1600,1,2.0,6,6,3,3,1957,49,9,1,1,1,207500,12.242891437918386
4,1040,520,1,1.0,4,6,3,2,1927,81,58,1,0,1,68500,11.134603622683905
4,1966,1317,1,1.0,6,4,3,3,1920,88,58,1,0,1,40000,10.596659732783579
5,2456,1228,1,1.5,6,6,3,4,1966,42,2,1,0,1,149350,11.914054519303125
8,2468,1234,2,2.0,7,5,4,4,2007,1,1,1,0,1,179900,12.100161978566867
5,3098,1700,2,2.0,6,5,3,4,1959,51,51,1,1,1,165500,12.016732516077072
9,3122,1561,2,3.0,6,5,5,5,2005,2,2,1,1,1,277500,12.533579815765737
8,3569,2452,3,3.5,9,5,4,4,2004,2,1,1,1,1,309000,12.6410997921206
5,2194,1097,2,1.5,6,5,3,3,1994,15,14,1,0,1,145000,11.884495917930655
5,2594,1297,2,1.5,5,6,3,3,1954,55,19,1,1,1,153000,11.938199736300925
5,2114,1057,1,2.0,5,7,3,4,1953,57,3,1,0,1,109000,11.599112335481124
4,1152,1152,0,2.0,6,5,3,2,1955,53,53,0,0,0,82000,11.314486721293981
6,2412,1324,2,2.0,6,5,3,3,1965,41,41,1,1,1,160000,11.982935344196433
5,2678,1328,1,2.0,5,6,3,3,1959,48,48,1,1,1,170000,12.04355959836804
5,1724,884,2,2.0,5,7,3,4,1983,24,24,1,0,1,144000,11.87757552297847
5,1876,938,1,2.0,5,6,3,3,1975,33,28,1,0,1,130250,11.777218637129327
5,2300,1150,1,2.0,6,6,3,3,1959,47,47,1,0,1,141000,11.856522261533737
9,3504,1752,2,3.0,6,5,5,5,2005,5,5,1,1,1,319900,12.675766851909591
7,3583,2149,2,2.5,6,5,4,4,2003,6,6,1,1,1,239686,12.387089184491993
8,3312,1656,3,2.0,7,5,4,4,2006,1,1,1,0,1,249700,12.428019481065613
4,2188,1452,0,2.0,8,5,3,3,1920,89,1,0,0,1,113000,11.635151947212842
5,1910,955,1,2.0,6,7,3,3,1966,41,41,1,0,1,127000,11.751950239425476
6,2264,1470,2,2.5,6,6,3,3,1997,10,10,1,0,1,177000,12.083910661257521
6,1632,1176,2,1.0,6,6,3,3,1934,72,56,1,1,1,114500,11.648338835562747
5,1632,816,2,2.0,5,5,2,3,1963,47,47,1,0,1,110000,11.608244735642321
9,3684,1842,3,2.5,5,5,4,4,1981,25,19,1,1,1,385000,12.861001210669146
5,1744,1360,2,1.0,6,5,3,3,1955,52,52,1,1,1,130000,11.775297421715827
6,2850,1425,2,2.0,7,5,3,3,1964,44,44,1,1,1,180500,12.103491596905931
8,2709,1739,2,3.5,7,5,4,4,1999,10,9,1,0,1,172500,12.058158312538197
7,2580,1720,2,2.5,7,5,4,4,2004,2,2,1,0,1,196500,12.188422799337028
10,4355,2945,3,3.5,10,5,5,4,2006,0,0,1,1,1,438780,12.991755706536901
5,1560,780,1,1.0,4,7,3,3,1972,36,36,1,0,1,124900,11.735276702486741
6,2316,1158,2,2.5,5,5,3,4,2004,2,2,1,0,1,158000,11.970356641102999
5,1641,1111,1,1.0,6,7,3,2,1920,87,11,1,0,1,101000,11.522885696764481
8,2740,1370,2,2.0,6,5,4,4,2006,1,1,1,1,1,202500,12.218500103788143
7,2286,1710,2,2.0,9,6,3,3,1921,89,60,1,0,1,140000,11.849404844423074
7,3091,2034,2,3.5,8,5,3,4,1997,12,11,1,0,1,219500,12.299112067295642
8,3616,2473,3,2.5,9,5,4,4,2004,3,2,1,1,1,317000,12.666660207428574
7,4154,2207,2,3.0,7,5,3,3,1970,40,21,1,1,1,180000,12.100717685412471
7,2932,1479,2,3.0,7,5,4,4,2003,4,4,1,0,1,226000,12.328294703023394
4,1494,747,1,1.0,4,6,3,3,1945,65,60,1,0,1,80000,11.289794413577894
7,3591,2287,2,2.0,7,4,4,3,1953,53,53,1,1,1,225000,12.323860125621126
7,4446,2223,2,3.0,8,6,3,3,1973,34,34,1,1,1,244000,12.404927602627597
4,1690,845,2,2.0,4,6,3,3,1982,25,1,1,0,1,129500,11.771443882099637
7,2550,1718,2,2.5,7,5,3,3,1998,11,11,1,1,1,185000,12.128116509451258
5,2172,1086,2,2.0,6,7,3,3,1954,56,7,1,0,1,144900,11.88380602959621
3,2445,1605,1,2.0,8,6,4,3,1915,95,60,1,0,1,107400,11.58432477200052
4,1450,988,1,2.0,5,5,3,3,1973,36,36,1,0,1,91000,11.418625774449598
4,1904,952,1,1.0,4,7,3,3,1956,52,52,1,0,1,135750,11.818577604251555
5,1957,1285,1,2.0,6,5,3,3,1948,60,7,1,0,1,127000,11.751950239425476
4,3536,1768,0,2.0,8,5,3,3,1968,42,42,0,0,1,136500,11.824087219587643
5,1670,1230,2,1.5,5,6,3,3,1910,99,28,1,0,1,110000,11.608244735642321
6,3038,2142,1,2.5,8,6,3,4,1968,41,41,1,1,1,193500,12.173037959397275
6,2574,1337,2,3.0,5,5,3,3,1998,8,8,1,0,1,153500,11.941462360646149
8,3126,1563,3,2.0,6,5,3,4,2007,1,1,1,1,1,245000,12.409017571151187
5,2130,1065,2,1.5,6,5,3,3,1960,47,47,1,0,1,126500,11.748005492256807
7,1858,1474,2,2.5,7,5,3,3,1995,14,13,1,1,1,168500,12.034696963475044
8,3705,2417,2,2.5,9,5,4,4,1991,15,14,1,1,1,260000,12.468440756144114
6,2244,1560,2,2.5,6,5,4,4,2005,4,4,1,1,1,174000,12.066816325306588
6,1836,1224,2,2.5,4,5,4,4,2009,0,0,1,0,1,164500,12.010671928196443
3,2026,1526,0,1.0,6,2,2,2,1915,94,27,0,0,1,85000,11.350418300109132
4,1980,990,0,2.0,5,5,3,3,1994,13,12,0,0,1,123600,11.724813914587886
4,1040,1040,2,1.0,4,5,3,3,1950,56,56,1,0,0,109900,11.60733523953139
5,2470,1235,2,1.0,6,3,3,3,1961,45,45,1,0,1,98600,11.498836682527127
5,1840,964,2,2.0,5,7,3,3,1921,88,3,1,0,1,163500,12.004574385508691
6,3505,2291,2,2.5,9,6,3,3,1910,97,9,1,1,1,133900,11.804855999911272
6,2610,1786,2,3.5,7,5,3,4,1997,10,10,1,0,1,204750,12.229549885708273
6,2150,1470,2,2.5,6,8,5,3,1993,16,16,1,1,1,185000,12.128116509451258
7,3176,1588,2,2.0,6,5,4,4,1999,7,7,1,0,1,214000,12.273735966890268
4,1920,960,1,2.0,6,5,3,3,1965,42,42,1,0,1,94750,11.459007676978688
5,1293,835,1,1.0,5,5,3,3,1920,90,60,1,0,1,83000,11.326607934898927
4,2175,1225,0,2.5,6,5,3,3,1959,51,51,0,0,1,128950,11.767187766223199
6,3220,1610,2,3.0,6,7,3,4,1977,33,9,1,1,1,205000,12.230770136157428
6,2473,1732,2,2.5,7,5,4,4,1985,25,25,1,1,1,178000,12.08954444723597
5,1535,1535,2,2.0,8,5,3,3,1979,30,30,1,0,0,118964,11.68658461118553
7,2452,1226,3,2.0,6,5,3,4,2009,1,1,1,0,1,198900,12.200562492481511
7,2858,1818,1,1.5,7,4,3,3,1931,76,57,1,1,1,169500,12.040614105490253
8,3045,1992,2,2.5,9,5,4,4,2003,5,4,1,1,1,250000,12.429220196836383
4,1688,1047,1,1.0,6,7,3,3,1885,122,12,1,0,1,100000,11.51293546492023
5,1578,789,1,1.0,5,5,3,3,1948,60,58,1,0,1,115000,11.652696102959753
5,2310,1517,0,2.0,7,7,3,2,1919,88,2,0,0,1,115000,11.652696102959753
6,3688,1844,2,2.0,7,6,3,3,1977,33,33,1,1,1,190000,12.154784614286667
6,2849,1855,1,2.0,7,4,3,3,1954,52,34,1,0,1,136900,11.827013315851762
7,1814,1430,2,2.5,7,5,3,3,2000,10,10,1,1,1,180000,12.100717685412471
7,3960,2696,3,3.5,10,5,4,5,2007,0,0,1,1,1,383970,12.85832230788469
6,4068,2259,2,3.0,7,5,3,4,1953,54,54,1,1,1,217000,12.28765724080691
6,3348,2320,1,3.5,9,8,3,4,1945,62,5,1,1,1,259500,12.466515835145202
6,2187,1458,2,2.5,5,5,3,3,1999,8,8,1,1,1,176000,12.07824495582233
5,2184,1092,1,1.5,6,5,3,3,1962,47,47,1,1,1,139000,11.842236406331555
5,2250,1125,2,1.5,5,5,3,3,2006,1,0,1,0,1,155000,11.951186847493476
7,4895,3222,3,4.0,11,5,3,4,1990,20,20,1,1,1,320000,12.676079399771027
6,2184,1456,2,2.5,8,5,4,4,2005,1,0,1,1,1,163990,12.0075668272517
6,1926,988,2,2.0,4,5,3,3,1969,37,37,1,1,1,180000,12.100717685412471
4,1855,1123,1,1.0,4,5,3,3,1939,68,57,1,0,1,100000,11.51293546492023
6,2160,1080,1,1.0,5,7,3,3,1958,50,50,1,0,1,136000,11.820417517632333
6,2398,1199,2,2.0,5,5,4,4,1993,15,15,1,0,1,153900,11.944064817531656
6,2948,1586,2,2.0,7,5,3,3,1979,30,11,1,1,1,181000,12.10625783509458
6,1040,754,0,2.0,5,8,3,3,1935,71,24,0,0,1,84500,11.344518647594766
6,2036,958,2,2.0,5,5,3,3,1976,31,31,1,1,1,128000,11.759793355371237
5,1512,840,0,1.0,5,7,3,3,1930,77,57,0,1,1,87000,11.373674891823535
6,2008,1348,2,1.5,6,5,3,3,1966,40,40,1,1,1,155000,11.951186847493476
5,2061,1053,2,2.0,6,7,3,5,1958,48,15,1,0,1,150000,11.918397239722838
7,3081,2157,2,2.5,8,6,3,4,1966,40,40,1,1,1,226000,12.328294703023394
6,3046,2054,2,3.5,7,5,4,4,2000,9,9,1,1,1,244000,12.404927602627597
5,2390,1327,2,2.0,7,6,3,4,1959,48,5,1,0,1,150750,11.923384748066601
8,2563,1296,2,3.0,6,5,4,4,2001,8,7,1,0,1,220000,12.301387370778713
5,3182,1721,2,2.5,7,6,3,3,1968,38,13,1,1,1,180000,12.100717685412471
7,2986,1682,2,2.0,7,6,3,3,1970,38,38,1,1,1,174000,12.066816325306588
5,2428,1214,1,2.0,5,5,3,3,1967,40,40,1,1,1,143000,11.870606902224587
7,3866,1959,3,3.0,9,5,3,3,1988,18,17,1,0,1,171000,12.049424683420915
8,2856,1852,3,2.5,7,5,4,4,1999,9,8,1,1,1,230000,12.345838935721968
6,2692,1764,2,3.5,7,5,3,4,1997,12,12,1,0,1,231500,12.352339472153524
4,1728,864,0,1.0,5,5,3,3,1971,39,39,0,1,1,115000,11.652696102959753
7,3468,1734,2,3.0,7,5,4,4,2005,1,1,1,0,1,260000,12.468440756144114
5,2295,1385,2,2.0,6,4,3,3,1952,58,58,1,0,1,166000,12.019749091416921
7,2991,1501,2,3.0,6,5,4,4,1999,10,10,1,0,1,204000,12.225880174775122
5,3456,1728,2,3.0,10,5,3,3,1963,43,43,1,0,1,125000,11.736077016252437
6,2679,1709,2,2.0,7,5,4,4,2004,2,0,1,0,1,130000,11.775297421715827
5,1590,875,1,2.0,5,7,3,3,1931,78,16,1,0,1,105000,11.561725152903833
7,2919,2035,2,2.5,8,5,4,4,2001,9,9,1,1,1,222500,12.312686874960354
7,2160,1080,0,2.0,6,5,3,4,2004,4,3,0,0,1,141000,11.856522261533737
5,2240,1344,1,1.0,7,4,3,3,1936,70,56,1,0,1,115000,11.652696102959753
5,1938,969,2,1.5,5,6,3,3,1975,32,32,1,0,1,122000,11.711784520403112
8,3420,1710,3,3.0,6,5,4,4,2007,1,0,1,1,1,372402,12.827731880206521
6,2818,1993,2,2.5,8,5,3,3,1971,35,35,1,1,1,190000,12.154784614286667
6,2854,1252,2,2.0,4,7,3,3,1960,48,33,1,1,1,235000,12.367345048436391
6,2400,1200,1,1.0,7,5,3,3,1923,83,56,1,0,1,125000,11.736077016252437
6,1668,1096,0,1.0,5,5,3,3,1924,84,58,0,0,1,79000,11.277215789596893
5,1040,1040,2,1.0,5,7,3,3,1950,56,56,1,0,0,109500,11.603688960617083
8,2742,1968,3,2.5,8,5,4,5,2009,1,0,1,1,1,269500,12.504327379899443
7,2938,1947,2,2.5,8,5,4,4,2004,6,5,1,1,1,254900,12.448630513463613
7,3854,2462,2,3.5,9,5,4,4,2005,1,0,1,1,1,320000,12.676079399771027
6,2464,1232,2,2.0,6,6,3,3,1984,24,24,1,0,1,162500,11.998439434579149
9,4240,2668,3,3.5,10,5,4,5,2003,5,4,1,1,1,412500,12.929993908996359
7,3082,1541,2,2.0,7,5,4,4,2005,5,5,1,1,1,220000,12.301387370778713
4,1764,882,0,1.0,4,6,3,3,1956,51,51,0,0,1,103200,11.544433821905134
6,2765,1616,1,2.0,5,7,3,4,1926,81,3,1,0,1,152000,11.931642378754141
5,1999,1355,0,3.0,6,7,3,3,1940,68,9,0,0,1,127500,11.755879486687116
5,3484,1867,1,2.0,7,5,4,3,1955,54,16,1,1,1,190000,12.154784614286667
8,3743,2161,3,2.5,8,5,4,5,2007,0,0,1,1,1,325624,12.693501691489768
7,2560,1720,2,2.5,7,5,4,4,2004,3,3,1,1,1,183500,12.119975396053194
8,3393,1707,2,2.5,6,6,4,3,1981,25,25,1,1,1,228000,12.337105293891872
5,1574,1382,2,1.5,7,6,3,3,1941,66,57,1,0,1,128500,11.763691965388299
6,2736,1656,2,2.0,7,5,3,3,1960,50,50,1,1,1,215000,12.278397958261774
7,2831,1767,2,3.0,5,7,4,4,1987,19,19,1,1,1,239000,12.384223015005313
6,2724,1362,2,2.5,6,5,3,3,1961,47,47,1,1,1,163000,12.001511614739405
6,3257,1651,2,3.0,7,5,3,3,1986,22,22,1,1,1,184000,12.122696471358964
6,3360,2158,2,3.0,7,7,3,4,1950,57,6,1,1,1,243000,12.400820837540556
6,3211,2060,2,3.0,8,5,4,3,1988,19,18,1,1,1,211000,12.259618151783465
5,2972,1920,2,3.0,8,5,4,4,1958,48,48,1,1,1,172500,12.058158312538197
9,4450,2234,3,3.0,9,5,5,5,2008,1,0,1,1,1,501837,13.126032637428713
5,1936,968,2,1.0,5,6,4,3,1923,84,1,1,0,1,100000,11.51293546492023
6,2281,1525,2,2.5,5,5,4,4,2000,7,7,1,1,1,177000,12.083910661257521
7,2595,1802,1,1.5,9,6,3,3,1920,86,56,1,1,1,200100,12.206577518060588
5,1340,1340,1,1.0,7,6,3,3,1957,50,1,1,1,0,120000,11.695255355062795
7,3444,2082,2,2.5,6,5,3,4,2003,5,5,1,0,1,200000,12.206077645517674
5,1756,1252,2,1.0,5,8,3,3,1908,98,15,1,0,1,127000,11.751950239425476
10,4143,3608,3,2.5,12,9,4,5,1892,114,13,1,1,1,475000,13.07107218827772
7,2405,1217,2,3.0,6,5,3,4,1990,19,18,1,0,1,173000,12.06105265381003
5,2172,1656,1,2.5,8,7,3,3,1916,93,22,1,0,1,135000,11.813037464800539
5,2310,1224,2,3.0,6,5,3,3,1979,30,30,1,1,1,153337,11.940399914116648
8,3186,1593,2,2.5,5,5,4,5,2001,7,6,1,1,1,286000,12.563750586299374
8,3580,2727,2,2.5,10,8,4,4,1932,75,13,1,1,1,315000,12.660331092405906
7,2204,1479,2,2.5,7,9,3,4,1972,35,3,1,0,1,184000,12.122696471358964
7,2862,1431,2,3.0,6,5,4,4,1999,10,10,1,0,1,192000,12.165255859329688
7,2679,1709,2,2.0,7,5,4,4,2004,2,2,1,0,1,130000,11.775297421715827
5,1728,864,1,1.0,5,7,3,3,1972,36,36,1,0,1,127000,11.751950239425476
6,2311,1456,2,2.5,7,6,3,3,1976,33,33,1,1,1,148500,11.908346971208951
7,3452,1726,3,3.0,8,5,5,5,2007,0,0,1,1,1,311872,12.650351332641707
8,4080,3112,2,3.5,8,4,4,4,1918,88,16,1,1,1,235000,12.367345048436391
6,2613,2229,0,1.0,8,6,3,3,1912,97,59,0,0,1,104000,11.552155793461898
8,3426,1713,3,3.0,7,5,4,5,2004,5,4,1,1,1,274900,12.524166311833152
4,2242,1121,2,2.0,5,5,3,3,2003,7,6,1,0,1,140000,11.849404844423074
6,2475,1279,2,2.5,6,6,3,3,1977,31,31,1,1,1,171500,12.052344376474922
6,1927,1310,1,2.0,6,6,3,3,1924,82,56,1,0,1,112000,11.626263078808801
6,1696,848,2,2.0,3,5,4,4,2004,4,4,1,1,1,149000,11.91170829631447
5,2004,1284,1,1.5,5,7,3,3,1947,62,59,1,0,1,110000,11.608244735642321
7,2866,1442,2,2.0,5,5,3,3,1990,19,19,1,0,1,180500,12.103491596905931
5,2836,1696,1,1.5,8,5,3,3,1962,45,45,1,1,1,143900,11.87688084212164
4,2200,1100,1,2.0,6,5,3,3,1960,48,48,1,1,1,141000,11.856522261533737
7,3219,2062,2,3.5,7,5,4,3,1988,19,18,1,1,1,277000,12.531776395271262
6,2184,1092,2,2.0,6,7,3,3,1964,44,44,1,0,1,145000,11.884495917930655
5,1728,864,0,2.0,5,6,3,3,1925,83,58,0,0,1,98000,11.49273296168228
6,2424,1212,2,2.0,6,5,3,4,2009,1,1,1,0,1,186000,12.133507329024972
7,2752,1852,2,3.5,7,5,3,4,2009,0,0,1,1,1,252678,12.439875187430008
5,1980,990,2,1.5,5,5,3,3,1995,11,11,1,0,1,156000,11.957617696467539
6,2081,1392,1,1.5,6,7,3,3,1977,33,33,1,0,1,161750,11.993813394724253
5,2306,1236,1,1.5,6,6,3,4,1957,49,10,1,1,1,134450,11.808955099378537
7,2872,1436,2,3.0,8,5,4,4,2004,4,4,1,0,1,210000,12.25486757159303
4,2014,1328,1,1.0,8,4,3,3,1925,81,56,1,0,1,107000,11.580593459194764
7,2752,1954,2,2.0,8,9,4,4,1939,69,2,1,1,1,311500,12.649157827477366
7,2496,1248,2,2.0,5,5,4,4,2005,1,0,1,0,1,167240,12.027191164883384
7,2996,1498,2,2.0,5,5,4,4,2006,0,0,1,0,1,204900,12.230282214644559
6,3277,2267,2,2.5,8,5,4,4,2002,7,7,1,1,1,200000,12.206077645517674
6,2265,1552,2,3.5,6,6,3,3,1975,31,31,1,1,1,179900,12.100161978566867
4,1728,864,2,1.0,4,6,3,3,1971,38,38,1,0,1,97000,11.48247656671073
10,4784,2392,3,2.0,8,5,5,5,2003,6,6,1,1,1,386250,12.864242696187505
5,1932,1302,1,2.5,6,5,3,3,1971,38,38,1,0,1,112000,11.626263078808801
7,3723,2520,3,2.5,9,5,4,4,1995,12,12,1,1,1,290000,12.577639650232573
6,1470,987,1,1.5,5,6,3,3,1970,38,38,1,0,1,106000,11.571203807011969
5,1824,912,1,1.0,5,5,3,3,1967,43,43,1,1,1,125000,11.736077016252437
7,2928,1555,2,2.0,7,5,4,4,2005,4,3,1,1,1,192500,12.167856627501678
6,2388,1194,1,2.0,6,6,3,3,1959,51,51,1,0,1,148000,11.904974309480183
8,4256,2794,3,3.5,9,5,4,5,1995,14,13,1,1,1,403000,12.90669432231532
6,1470,987,1,1.5,5,5,3,3,1972,34,34,1,1,1,94500,11.456365695436427
5,1788,894,1,2.0,5,6,3,3,1976,34,34,1,0,1,128200,11.761354623750297
6,2820,1960,2,3.5,8,5,4,4,2002,8,8,1,1,1,216500,12.285350445351659
6,1470,987,1,1.5,5,3,3,3,1971,37,37,1,0,1,89500,11.402005077384885
7,2828,1414,2,2.0,6,5,4,4,2004,6,6,1,0,1,185500,12.130815551850676
7,2740,1744,2,2.5,7,7,4,4,1993,17,7,1,0,1,194500,12.178192583415596
8,3388,1694,3,2.0,7,5,5,4,2007,0,0,1,0,1,318000,12.669809806411457
6,2222,1487,1,1.5,7,4,3,3,1945,65,60,1,1,1,113000,11.635151947212842
8,3132,1566,2,3.0,7,5,4,4,2008,2,2,1,0,1,262500,12.47801017053037
5,1552,866,0,1.0,4,9,3,4,1945,62,10,0,0,1,110500,11.612779849672751
5,1980,1440,1,1.0,6,4,3,3,1900,106,56,1,0,1,79000,11.277215789596893
6,1843,1217,1,1.5,6,6,3,3,1980,29,29,1,1,1,120000,11.695255355062795
7,3058,2110,2,3.5,8,5,4,4,1994,16,8,1,1,1,205000,12.230770136157428
7,3717,1872,2,2.5,6,5,3,3,1988,18,18,1,1,1,241500,12.394628892852941
6,2948,1928,1,2.0,9,8,3,2,1910,96,56,1,0,1,137000,11.827743504053695
6,2742,1375,2,1.0,5,5,3,3,1954,52,52,1,1,1,140000,11.849404844423074
7,2508,1668,2,2.5,8,5,4,4,2003,4,4,1,0,1,180000,12.100717685412471
6,3588,2144,2,2.5,7,7,4,4,1958,49,1,1,1,1,277000,12.531776395271262
3,2034,1306,0,1.0,6,2,3,2,1940,70,44,0,0,1,76500,11.245059091624615
8,3198,1625,2,3.5,5,5,4,4,2006,1,0,1,1,1,235000,12.367345048436391
6,2438,1640,2,2.5,6,5,4,4,2004,4,4,1,0,1,173000,12.06105265381003
6,2604,1302,1,2.5,7,7,3,4,1964,43,16,1,0,1,158000,11.970356641102999
5,2628,1314,1,2.0,5,6,3,3,1957,53,53,1,0,1,145000,11.884495917930655
7,3266,2291,2,2.5,8,5,4,4,1999,7,7,1,1,1,230000,12.345838935721968
6,2592,1728,2,2.5,7,5,4,4,2003,5,5,1,0,1,207500,12.242891437918386
7,3208,1604,2,3.5,8,5,4,4,2006,3,3,1,1,1,220000,12.301387370778713
7,2755,1792,2,2.5,7,5,4,4,2001,7,7,1,1,1,231500,12.352339472153524
5,882,882,1,1.0,4,5,3,3,1956,52,52,1,0,0,97000,11.48247656671073
6,2744,1382,2,2.0,6,5,3,3,1962,47,47,1,1,1,176000,12.07824495582233
8,4056,2574,3,2.5,10,5,4,5,2007,0,0,1,1,1,276000,12.52815976788113
6,1718,1212,2,2.0,6,7,3,3,1977,29,11,1,1,1,151000,11.92504173829169
5,1852,1316,2,2.0,6,7,3,3,1929,81,9,1,0,1,130000,11.775297421715827
5,1444,764,2,1.0,4,5,3,3,1925,83,4,1,0,1,73000,11.19822841866684
6,2844,1422,2,2.0,7,6,3,4,1981,27,27,1,1,1,175500,12.075400019877522
6,2313,1511,2,3.5,8,5,3,3,1997,9,9,1,1,1,185000,12.128116509451258
5,2492,2192,1,2.5,8,8,3,4,1939,69,11,1,1,1,179500,12.097936057925594
5,1518,778,1,1.0,4,6,3,3,1940,68,53,1,1,1,120500,11.699413330633599
6,2256,1113,1,2.5,6,7,3,3,1976,31,31,1,1,1,148000,11.904974309480183
8,3034,1939,3,2.5,8,5,4,4,2006,0,0,1,1,1,266000,12.491255347155265
7,2748,1363,2,2.0,5,7,3,3,1954,54,3,1,1,1,241500,12.394628892852941
8,3422,2270,3,2.5,9,7,4,4,1999,11,3,1,1,1,290000,12.577639650232573
6,2872,1632,1,3.0,6,6,3,3,1958,51,21,1,1,1,139000,11.842236406331555
5,1632,816,1,1.0,5,7,3,3,1982,25,25,1,0,1,124500,11.732069026983156
7,2500,1548,2,2.5,5,7,4,5,1925,84,2,1,0,1,205000,12.230770136157428
7,3120,1560,2,2.0,7,5,4,4,2003,7,7,1,0,1,201000,12.211065162153215
4,1728,864,2,1.0,4,5,3,3,1951,59,59,1,0,1,141000,11.856522261533737
9,4242,2121,3,2.5,8,5,5,5,2006,1,0,1,1,1,415298,12.936754021718041
7,3182,2022,2,2.5,8,5,3,3,1977,31,31,1,1,1,192000,12.165255859329688
7,2789,1982,2,2.5,7,6,4,4,1989,18,18,1,1,1,228500,12.339295865674435
6,2524,1262,2,2.0,5,5,4,4,2006,0,0,1,0,1,185000,12.128116509451258
7,2628,1314,2,3.0,6,5,4,4,2007,2,1,1,1,1,207500,12.242891437918386
8,2936,1468,3,2.0,6,5,4,4,2008,1,0,1,1,1,244600,12.407383590534293
6,3150,1575,2,3.0,5,5,4,4,1992,15,15,1,0,1,179200,12.09626335986454
7,1875,1250,2,2.5,5,5,4,4,2006,1,0,1,0,1,164700,12.011886987792716
6,2646,1734,2,1.5,7,7,3,4,1962,44,25,1,1,1,159000,11.976665770490767
4,1716,858,0,1.0,5,4,3,3,1971,35,35,0,0,1,88000,11.385103457032141
5,1782,900,1,1.0,5,5,3,3,1967,43,43,1,0,1,122000,11.711784520403112
6,2094,1396,1,1.0,7,7,3,3,1915,92,4,1,0,1,153575,11.941950837487406
8,2998,1919,2,2.5,8,5,4,4,2006,0,0,1,1,1,233230,12.359784657728284
5,2496,1716,0,3.0,9,6,3,2,1912,96,8,0,0,1,135900,11.819681958463892
5,2484,1716,1,1.5,8,4,3,3,1949,60,1,1,1,1,131000,11.782960235741939
7,3058,2263,2,3.5,9,7,3,4,1977,29,12,1,1,1,235000,12.367345048436391
6,3060,1644,2,2.0,7,5,3,3,1953,56,56,1,1,1,167000,12.025755079404917
6,2006,1003,2,2.0,6,6,3,3,1984,22,22,1,0,1,142500,11.86710429621008
5,2468,1558,1,1.5,6,5,3,3,1950,57,57,1,0,1,152000,11.931642378754141
7,2925,1950,2,2.5,7,5,4,4,1997,10,9,1,1,1,239000,12.384223015005313
6,2445,1743,2,2.5,7,6,4,3,1968,39,39,1,1,1,175000,12.07254696717504
6,2244,1152,1,1.5,6,8,3,4,1950,59,5,1,1,1,158500,11.973516181427835
5,2501,1336,1,2.0,5,5,3,3,1953,53,53,1,1,1,157000,11.964007453736912
8,3480,2452,2,2.5,9,5,4,4,1998,9,8,1,1,1,267000,12.495007682693725
7,3082,1541,3,2.0,6,5,4,4,2001,5,4,1,1,1,205000,12.230770136157428
5,1788,894,2,2.0,5,7,3,3,1972,34,34,1,0,1,149900,11.917730355182513
7,4963,3493,3,3.0,10,9,3,4,1880,128,6,1,1,1,295000,12.59473402514672
8,4000,2000,3,3.0,8,5,4,4,2004,3,2,1,0,1,305900,12.631016799175821
7,2943,2243,3,3.5,8,5,4,4,1990,17,16,1,1,1,225000,12.323860125621126
6,1725,1406,0,1.0,6,7,3,2,1920,88,58,0,0,1,89500,11.402005077384885
4,1722,861,2,1.0,4,5,3,3,1940,69,59,1,0,1,82500,11.320565693461432
9,3840,1944,3,3.0,8,5,4,5,2003,3,2,1,1,1,360000,12.793862088206213
6,2198,1501,2,2.5,6,5,3,4,1993,13,12,1,1,1,165600,12.017336559562407
6,1944,972,1,2.0,5,6,3,3,1948,61,7,1,1,1,132000,11.790564777297387
5,1911,1118,2,2.0,5,7,3,3,1939,67,56,1,1,1,119900,11.694421681264394
7,4172,2036,2,4.0,8,5,3,3,1965,44,44,1,1,1,375000,12.834683971615659
7,2369,1641,2,2.0,6,7,3,5,1925,81,16,1,1,1,178000,12.08954444723597
7,2148,1432,2,3.5,6,5,4,4,2004,5,4,1,1,1,188500,12.146858590895919
7,3198,2353,2,3.5,10,7,4,5,1980,29,29,1,1,1,260000,12.468440756144114
8,3047,1959,3,2.5,8,5,4,4,2006,1,1,1,1,1,270000,12.506180941677357
7,3993,2646,3,3.5,9,5,4,4,1993,16,16,1,1,1,260000,12.468440756144114
7,2844,1472,2,3.0,6,5,3,3,1980,29,29,1,1,1,187500,12.141539457711714
9,3845,2596,3,3.5,9,5,3,4,2006,0,0,1,0,1,342643,12.74444728628135
8,3604,2468,3,3.5,10,5,4,4,2004,3,3,1,1,1,354000,12.777055016970678
7,4232,2730,2,3.5,8,5,4,4,1986,21,20,1,1,1,301000,12.614868865984631
3,2325,1163,1,2.0,6,8,3,3,1955,51,1,1,0,1,126175,11.745433036677353
7,3688,2978,2,2.5,11,7,4,4,1967,43,3,1,1,1,242000,12.396697137361691
5,1523,803,2,1.0,5,6,3,3,1941,66,57,1,0,1,87000,11.373674891823535
8,3438,1719,2,3.5,6,5,4,4,1993,15,15,1,1,1,324000,12.688501881189456
6,2766,1383,1,1.5,7,5,3,3,1960,46,46,1,0,1,145250,11.886218559372042
6,2978,2134,2,2.0,10,6,3,4,1916,93,15,1,0,1,214500,12.276069679344003
5,1788,1192,1,1.0,6,5,3,3,1920,89,59,1,0,1,78000,11.264476926102367
5,3456,1728,1,2.5,10,4,3,3,1964,43,43,1,0,1,119000,11.686887175419702
5,2112,1056,1,2.0,6,6,3,3,1958,49,15,1,0,1,139000,11.842236406331555
8,4835,1629,3,3.0,7,5,4,4,2003,6,5,1,1,1,284000,12.556733038263905
7,2716,1358,2,3.0,6,5,4,4,2004,4,4,1,1,1,207000,12.240478903153711
6,2581,1638,2,3.5,7,5,3,3,1998,10,10,1,1,1,192000,12.165255859329688
5,3285,1786,2,4.0,7,6,3,3,1965,43,43,1,1,1,228950,12.34126328584159
9,3844,1922,3,3.0,8,5,4,4,2005,2,1,1,1,1,377426,12.841132451487937
7,3072,1536,2,3.0,7,5,4,4,2002,6,5,1,0,1,214000,12.273735966890268
7,2829,1621,2,3.0,8,7,4,4,1984,22,8,1,0,1,202500,12.218500103788143
6,2430,1215,1,1.0,6,7,3,3,1958,51,11,1,0,1,155000,11.951186847493476
8,2875,1908,2,2.5,9,5,4,4,2002,8,8,1,0,1,202900,12.220473454337986
4,1562,841,1,1.0,4,4,2,3,1950,59,59,1,0,1,82000,11.314486721293981
3,1040,1040,2,2.0,6,4,3,3,1949,57,56,1,0,0,87500,11.37940550085183
9,3368,1684,2,2.0,6,5,5,5,2005,3,3,1,1,1,266000,12.491255347155265
5,1648,1112,1,1.5,4,3,3,3,1976,34,34,1,0,1,85000,11.350418300109132
6,2549,1577,1,1.0,6,5,3,2,1939,67,56,1,1,1,140200,11.850832386224807
6,1916,958,1,1.0,5,8,3,3,1960,47,9,1,0,1,151500,11.928347504569842
6,2956,1478,2,3.0,6,5,3,3,1960,49,49,1,1,1,157500,11.967187086434018
7,2390,1626,2,3.5,6,5,4,4,2003,5,4,1,0,1,154000,11.944714374881176
9,4576,2728,3,3.5,10,5,5,5,2005,1,0,1,1,1,437154,12.988043102265232
9,3738,1869,2,2.0,6,5,5,5,2007,0,0,1,1,1,318061,12.670001611311875
7,2906,1453,2,2.5,6,5,3,4,1986,20,20,1,1,1,190000,12.154784614286667
5,1727,1111,1,1.5,5,6,3,3,1941,67,58,1,0,1,95000,11.461642696843066
6,1344,720,2,1.0,5,8,3,3,1928,82,7,1,0,1,105900,11.570259974415547
6,2535,1595,1,1.0,6,5,3,3,1940,66,6,1,1,1,140000,11.849404844423074
6,2400,1200,2,3.0,6,5,4,4,1995,12,12,1,0,1,177500,12.086731521684555
6,2325,1167,2,3.0,6,6,3,4,1992,17,17,1,0,1,173000,12.06105265381003
5,2284,1142,2,2.5,6,5,3,3,1976,31,31,1,1,1,134000,11.80560254159177
5,2414,1352,1,1.5,6,4,3,4,1958,48,48,1,0,1,130000,11.775297421715827
8,3010,1924,2,3.5,7,5,4,4,1998,8,8,1,1,1,280000,12.54254845357358
6,1800,912,2,2.0,5,6,3,3,1978,29,29,1,1,1,156000,11.957617696467539
5,2388,1505,1,2.0,8,5,3,3,1940,68,26,1,0,1,145000,11.884495917930655
7,1922,1922,2,3.0,7,5,4,4,2003,6,6,1,1,0,198500,12.198549416880068
6,1470,987,1,1.5,5,8,3,4,1972,37,2,1,0,1,118000,11.678448377988165
6,2370,1574,2,3.5,6,5,3,3,1976,30,30,1,1,1,190000,12.154784614286667
5,2016,1344,1,1.0,6,7,3,3,1920,89,12,1,0,1,147000,11.898194668458823
6,2788,1394,2,2.5,6,5,3,3,1963,46,46,1,1,1,159000,11.976665770490767
6,2530,1431,1,1.5,6,5,3,3,1962,46,46,1,1,1,165000,12.013706813470414
5,2536,1268,1,1.0,7,6,3,3,1954,56,56,1,1,1,132000,11.790564777297387
5,2350,1287,2,2.0,7,7,3,4,1959,51,4,1,1,1,162000,11.995357787034976
6,2617,1664,2,2.5,7,5,3,3,2000,6,6,1,1,1,172400,12.057578437658945
4,1588,1588,2,2.0,7,4,3,3,1959,49,49,1,1,0,134432,11.808821212646512
6,1496,752,1,2.0,4,5,3,3,1984,26,26,1,0,1,125000,11.736077016252437
5,1927,1319,1,2.0,5,6,3,3,1953,56,56,1,0,1,123000,11.719947764402807
7,2775,1928,2,2.5,8,5,4,4,2003,4,3,1,1,1,219500,12.299112067295642
1,1587,904,0,1.5,4,1,2,2,1922,87,59,0,0,1,61000,11.0186455364637
5,1784,914,2,1.0,5,5,4,3,1996,10,10,1,0,1,148000,11.904974309480183
8,4046,2466,2,3.0,8,5,4,4,2004,3,2,1,1,1,340000,12.73670383776449
9,3712,1856,3,2.5,8,2,4,5,2010,0,0,1,1,1,394432,12.885204569609956
6,2782,1800,2,2.5,7,5,3,3,2000,9,9,1,1,1,179000,12.095146671399466
5,2717,1691,1,2.0,6,6,3,4,1924,86,60,1,1,1,127000,11.751950239425476
7,2594,1301,2,3.0,5,5,4,4,2006,0,0,1,1,1,187750,12.142871895843887
7,2736,1797,2,2.5,8,5,4,4,2006,1,1,1,0,1,213500,12.271396795480596
6,1568,784,2,1.0,5,3,3,3,1928,81,59,1,0,1,76000,11.23850177707664
6,3533,1953,2,3.5,9,5,4,4,1992,15,15,1,1,1,240000,12.388398368982115
8,2525,1269,2,2.0,6,5,4,4,2004,6,5,1,1,1,192000,12.165255859329688
5,1842,1184,0,1.0,8,3,3,3,1910,96,10,0,0,1,81000,11.302216779257382
6,2166,1125,1,2.0,6,6,3,3,1976,33,33,1,1,1,125000,11.736077016252437
7,2947,1479,2,2.0,6,5,4,4,1999,9,8,1,0,1,191000,12.160033942617156
10,4014,2332,3,3.5,9,5,5,5,2007,1,0,1,1,1,426000,12.962196972666593
5,2228,1367,1,2.0,7,8,3,3,1900,108,58,1,0,1,119000,11.686887175419702
6,2765,1961,2,3.5,7,5,3,4,2001,8,7,1,1,1,215000,12.278397958261774
5,882,882,1,1.0,5,7,3,3,1959,48,48,1,0,0,106500,11.575909653758895
4,1576,788,0,1.0,4,5,3,3,1941,65,56,0,1,1,100000,11.51293546492023
5,1769,1034,1,1.0,5,6,3,3,1940,67,57,1,0,1,109000,11.599112335481124
5,2288,1144,1,2.0,6,6,3,3,1956,54,54,1,0,1,129000,11.767575435251748
5,1788,894,2,1.0,6,5,3,3,1972,37,37,1,0,1,123000,11.719947764402807
5,2676,1812,1,2.0,8,5,3,3,1962,45,45,1,1,1,169500,12.040614105490253
5,2038,1077,1,1.0,6,2,3,3,1920,87,57,1,0,1,67000,11.112462823634855
7,2642,1550,2,3.0,7,5,4,4,2006,3,2,1,0,1,241000,12.392556361841777
8,2548,1288,2,2.5,4,5,4,5,1996,12,12,1,1,1,245500,12.411056299528171
7,2620,1310,2,2.0,6,5,4,4,2005,1,1,1,1,1,164990,12.013646205940514
5,1344,672,1,1.0,4,8,3,3,1940,68,11,1,0,1,108000,11.58989576532275
8,3404,2263,2,2.5,10,5,4,4,1998,8,8,1,1,1,258000,12.460718739865236
6,2378,1572,2,2.5,7,5,3,3,1995,12,11,1,1,1,168000,12.031725210748633
4,2901,1620,2,3.0,8,4,3,3,1976,33,16,1,1,1,150000,11.918397239722838
6,2230,1639,1,1.0,6,5,3,3,1936,72,58,1,0,1,115000,11.652696102959753
6,2520,1680,1,2.0,8,7,3,3,1915,93,32,1,0,1,177000,12.083910661257521
7,3235,2172,3,2.5,9,5,4,4,2006,1,1,1,1,1,280000,12.54254845357358
8,3112,2078,3,3.5,8,5,4,5,2007,1,0,1,1,1,339750,12.73596827534975
5,2552,1276,1,1.0,5,3,3,3,1958,51,51,1,0,1,60000,11.002116507732017
5,2112,1056,2,2.0,5,5,3,3,1955,51,51,1,0,1,145000,11.884495917930655
7,2948,1478,2,3.5,7,5,5,4,2009,1,1,1,1,1,222000,12.310437165348775
5,2036,1028,2,1.0,5,6,3,3,1927,83,60,1,1,1,115000,11.652696102959753
7,3177,2097,3,3.0,9,5,4,4,1993,15,15,1,1,1,228000,12.337105293891872
7,2680,1340,2,2.0,6,5,4,4,2007,0,0,1,0,1,181134,12.106997888588934
6,2072,1400,2,1.5,6,7,3,3,1978,28,28,1,1,1,149500,11.915058360753719
6,3994,2624,3,3.5,10,6,3,3,1918,89,57,1,1,1,239000,12.384223015005313
5,1890,1134,1,2.5,7,6,3,3,1940,67,57,1,0,1,126000,11.744045122410057
5,2112,1056,1,2.0,6,6,3,3,1968,42,42,1,1,1,142000,11.863589378812122
7,2688,1344,4,4.0,8,5,3,3,1997,11,10,1,0,1,206300,12.237091546357338
6,3204,1602,2,2.5,8,7,4,4,1977,32,9,1,1,1,215000,12.278397958261774
5,1976,988,2,1.0,4,5,3,3,1954,54,54,1,0,1,113000,11.635151947212842
8,4100,2630,3,3.5,8,5,4,4,1998,10,10,1,1,1,315000,12.660331092405906
6,2392,1196,1,2.0,6,5,3,3,1956,52,52,1,1,1,139000,11.842236406331555
7,2040,1389,1,1.5,6,8,3,3,1946,63,17,1,1,1,135000,11.813037464800539
7,3162,1644,2,3.5,5,5,4,4,1989,20,20,1,1,1,275000,12.524530013005734
4,1814,907,1,1.0,5,6,3,3,1957,51,51,1,0,1,109008,11.599185726610004
7,2416,1208,2,3.0,6,5,4,4,2007,0,0,1,0,1,195400,12.182809136284991
6,2804,1412,2,3.0,6,5,3,4,1988,21,21,1,1,1,175000,12.07254696717504
6,1470,987,1,1.5,4,5,3,3,1971,37,37,1,0,1,85400,11.355113089309977
6,2099,1198,0,1.0,7,7,3,3,1920,88,10,0,0,1,79900,11.288543647320601
5,2130,1365,2,2.5,6,5,3,3,1971,36,36,1,0,1,122500,11.715874472198905
6,2530,1604,2,2.5,7,5,3,3,1997,11,10,1,1,1,181000,12.10625783509458
4,1260,630,0,2.0,3,7,3,3,1972,36,36,0,0,1,81000,11.302216779257382
7,2460,1661,2,3.5,6,6,4,4,1996,13,13,1,1,1,212000,12.264346270624157
6,1766,1118,2,1.0,6,8,3,3,1920,86,56,1,0,1,116000,11.661354090741
6,1788,904,1,1.0,4,7,4,3,1926,83,5,1,0,1,119000,11.686887175419702
5,1134,694,1,1.0,4,6,3,4,1913,94,5,1,1,1,90350,11.411457364027745
6,1880,1196,2,1.0,7,8,3,4,1920,89,9,1,0,1,110000,11.608244735642321
10,5496,2402,3,3.0,10,5,5,5,2008,1,1,1,1,1,555000,13.22672519452875
4,2880,1440,0,2.0,8,4,3,2,1955,53,53,0,0,1,118000,11.678448377988165
5,2651,1573,2,2.0,8,7,3,3,1930,78,16,1,1,1,162900,12.000897933306716
7,2516,1258,3,2.0,6,5,4,4,2006,1,0,1,1,1,172500,12.058158312538197
7,2823,1908,2,3.5,8,5,4,4,1994,14,13,1,1,1,210000,12.25486757159303
6,3125,1689,2,1.0,7,5,3,3,1956,53,53,1,1,1,127500,11.755879486687116
6,3405,1888,2,2.5,6,6,4,4,1966,44,8,1,1,1,190000,12.154784614286667
7,2816,1886,2,2.5,10,5,4,4,1998,8,7,1,1,1,199900,12.20557752297723
6,2156,1376,1,2.0,7,6,3,3,1937,69,56,1,1,1,119500,11.691080018519527
3,1832,1183,1,1.5,6,7,3,3,1948,59,5,1,0,1,120000,11.695255355062795
6,1626,813,1,1.0,5,8,3,4,1930,76,1,1,0,1,110000,11.608244735642321
7,3066,1533,2,3.0,5,5,3,4,1975,31,31,1,1,1,280000,12.54254845357358
6,2628,1756,2,3.5,7,5,4,3,1996,11,10,1,0,1,204000,12.225880174775122
8,2358,1590,2,2.5,6,5,4,4,2008,1,1,1,0,1,210000,12.25486757159303
5,3456,1728,2,4.0,8,5,3,3,1976,30,30,1,0,1,188000,12.144202560946876
7,2484,1242,2,1.5,6,6,3,3,1973,34,34,1,1,1,175500,12.075400019877522
5,1968,1344,3,1.0,7,5,3,3,1916,92,58,1,0,1,98000,11.49273296168228
4,3027,1663,2,2.0,6,6,3,4,1954,54,14,1,1,1,256000,12.45293662970407
8,2254,1666,1,1.0,7,7,3,4,1925,83,12,1,1,1,161000,11.989165855127435
5,1912,1203,1,2.0,5,4,3,4,1950,59,59,1,1,1,110000,11.608244735642321
8,2767,1935,2,3.5,8,5,4,3,2009,0,0,1,0,1,263435,12.481565733211923
7,1695,1135,2,2.0,6,9,4,4,1936,73,2,1,0,1,155000,11.951186847493476
5,1728,864,1,1.0,5,5,3,3,1965,44,44,1,1,1,62383,11.04106411122238
6,2375,1660,1,1.5,6,7,3,3,1934,74,13,1,1,1,188700,12.147919030759663
5,2080,1040,0,2.0,5,5,3,3,1978,31,31,0,0,1,124000,11.728044909070785
7,2789,1414,2,2.0,6,5,4,4,2004,2,2,1,1,1,178740,12.093693109638318
7,2554,1277,2,2.0,5,5,3,3,1970,37,37,1,1,1,167000,12.025755079404917
5,2372,1644,1,1.5,7,7,3,4,1942,65,12,1,1,1,146500,11.89478753335453
8,3260,1634,3,2.0,7,5,4,4,2006,1,1,1,1,1,250000,12.429220196836383
6,2542,1710,2,2.5,7,5,4,4,1993,15,15,1,0,1,187000,12.138869243416009
8,2990,1502,2,2.5,4,5,4,4,1985,25,25,1,0,1,212000,12.264346270624157
7,2777,1969,2,2.5,8,6,3,3,1977,30,30,1,1,1,190000,12.154784614286667
6,1619,1072,2,2.0,5,5,3,3,2005,3,3,1,0,1,148000,11.904974309480183
8,3952,1976,3,3.0,7,5,4,4,2006,1,0,1,1,1,440000,12.994532278619134
8,3146,1652,2,3.0,6,5,4,5,2000,7,7,1,0,1,251000,12.433212202169729
5,1940,970,2,2.0,5,6,3,3,1963,44,44,1,0,1,132500,11.794345471549745
6,2971,1493,2,3.0,7,5,3,4,1997,11,10,1,1,1,208900,12.249615734512616
9,4796,2643,3,2.5,9,5,5,5,2006,1,1,1,1,1,380000,12.847929163278053
8,3423,1718,3,3.0,7,5,4,4,2007,2,1,1,1,1,297000,12.601490784782536
4,2038,1131,2,1.0,7,7,3,3,1937,70,7,1,0,1,89471,11.401681006153428
9,3683,1850,3,3.0,8,5,4,4,2004,2,1,1,1,1,326000,12.694655727828803
9,3584,1792,3,3.0,6,5,4,5,2003,3,2,1,1,1,374000,12.832013750189885
7,2736,1826,1,2.5,7,8,4,5,1915,94,4,1,1,1,155000,11.951186847493476
6,2432,1216,2,3.0,5,5,3,3,1998,8,8,1,0,1,164000,12.00762780434872
5,1998,999,1,2.0,6,7,3,4,1962,45,6,1,0,1,132500,11.794345471549745
5,2226,1113,1,1.0,5,7,4,4,1950,59,2,1,1,1,147000,11.898194668458823
5,2146,1073,2,2.5,6,7,3,3,1965,42,42,1,0,1,156000,11.957617696467539
5,2968,1484,2,2.0,7,6,3,3,1971,36,36,1,1,1,175000,12.07254696717504
5,3368,2414,2,2.0,10,4,3,3,1900,106,36,1,1,1,160000,11.982935344196433
4,1260,630,1,2.0,3,8,3,4,1970,39,7,1,0,1,86000,11.362114203075018
5,1568,1304,1,1.5,4,6,3,3,1976,32,32,1,1,1,115000,11.652696102959753
6,2384,1578,1,2.0,5,7,3,2,1941,65,56,1,1,1,133000,11.798111925972618
6,2184,1456,2,2.5,8,5,4,3,2006,0,0,1,0,1,172785,12.059809113551397
5,2538,1269,1,1.5,6,6,3,3,1960,48,48,1,1,1,155000,11.951186847493476
5,1076,886,1,1.0,4,8,3,3,1938,71,13,1,0,1,91300,11.421917019425596
4,1440,720,0,1.0,4,5,3,3,1920,89,59,0,0,1,34900,10.460270761075149
8,6428,3228,2,4.0,10,5,4,4,1992,15,14,1,1,1,430000,12.971542813248437
7,2846,1820,1,3.0,8,6,3,3,1925,83,58,1,0,1,184000,12.122696471358964
5,1763,899,1,1.0,5,7,3,4,1967,42,5,1,0,1,130000,11.775297421715827
5,1824,912,1,1.5,5,7,3,3,1958,49,22,1,0,1,120000,11.695255355062795
6,1890,1218,1,1.5,7,5,3,3,1973,34,34,1,0,1,113000,11.635151947212842
7,2634,1768,2,2.5,7,5,4,4,2005,3,3,1,0,1,226700,12.331387247601905
5,2428,1214,2,2.0,6,7,3,3,1965,42,42,1,0,1,140000,11.849404844423074
7,3302,1801,2,3.0,6,8,3,3,1959,51,13,1,1,1,289000,12.574185427296195
6,2177,1322,2,3.0,6,5,3,3,1974,35,35,1,1,1,147000,11.898194668458823
5,2920,1960,2,2.0,10,5,3,3,1952,57,57,1,0,1,124500,11.732069026983156
8,2688,1911,2,2.5,8,5,4,4,1993,13,12,1,1,1,215000,12.278397958261774
6,2436,1218,2,2.0,4,5,4,4,2009,0,0,1,0,1,208300,12.246739428005663
7,2067,1378,2,2.0,7,9,3,4,1928,80,3,1,1,1,161000,11.989165855127435
5,2082,1041,1,2.0,6,6,3,3,1959,50,50,1,0,1,124500,11.732069026983156
5,2371,1363,1,2.0,6,7,4,3,1951,58,9,1,1,1,164900,12.013100572810686
7,2736,1368,2,2.0,6,5,4,4,2005,1,0,1,1,1,202665,12.2193145828011
5,1728,864,2,2.0,5,5,3,3,1958,48,48,1,0,1,129900,11.774527900858468
6,2164,1080,2,1.5,5,5,3,3,1983,24,24,1,0,1,134000,11.80560254159177
5,1557,789,1,1.0,5,5,3,3,1926,81,57,1,0,1,96500,11.477308649967686
10,4026,2020,3,3.5,9,5,5,5,2009,0,0,1,1,1,402861,12.90634935052389
6,2808,2119,2,2.5,7,6,3,3,1972,37,37,1,1,1,158000,11.970356641102999
7,3608,2344,3,2.5,7,5,4,4,1996,13,12,1,1,1,265000,12.487488878546145
6,2590,1796,2,3.5,7,5,3,3,1998,9,9,1,0,1,211000,12.259618151783465
7,3356,2080,1,1.5,9,9,4,4,1926,83,5,1,1,1,234000,12.36308066783498
4,1294,1294,0,2.0,7,7,3,3,1900,108,8,0,0,0,106250,11.573559498507079
6,2488,1244,1,1.5,6,6,3,3,1957,50,50,1,1,1,150000,11.918397239722838
6,2668,1664,2,2.0,7,7,3,3,1947,59,56,1,1,1,159000,11.976665770490767
7,3777,2398,3,3.5,8,5,4,4,1996,11,10,1,1,1,315750,12.662709207270272
7,2523,1266,2,2.0,6,5,4,4,2005,1,1,1,1,1,176000,12.07824495582233
5,1856,928,1,1.0,4,7,3,3,1956,51,7,1,0,1,132000,11.790564777297387
9,4165,2713,3,3.5,11,5,5,5,2008,0,0,1,1,1,446261,13.008661502470739
4,1133,605,0,2.0,5,7,3,3,1920,87,5,0,0,1,86000,11.362114203075018
6,4550,2515,2,4.0,9,3,4,3,1957,50,32,1,1,1,200624,12.209192772866418
6,2970,1509,2,3.0,5,5,4,4,1988,20,19,1,1,1,175000,12.07254696717504
6,1973,1362,2,2.0,6,8,3,3,1920,88,9,1,0,1,128000,11.759793355371237
5,827,827,1,1.0,5,7,3,3,1955,55,3,1,1,0,107500,11.58525542883217
1,334,334,0,1.0,2,3,2,2,1946,61,57,0,0,0,39300,10.579005242826247
8,2121,1414,2,2.5,6,5,4,4,2004,2,2,1,1,1,178000,12.08954444723597
5,2464,1347,0,2.0,5,7,3,3,1910,98,17,0,0,1,107500,11.58525542883217
7,2604,1724,2,2.5,8,5,3,4,1998,10,9,1,0,1,188000,12.144202560946876
4,1728,864,2,1.0,5,5,3,3,1972,36,36,1,0,1,111250,11.619544188752133
5,2210,1159,1,1.5,7,5,3,3,1968,38,38,1,1,1,158000,11.970356641102999
8,3182,1601,2,3.0,6,5,4,4,2001,9,8,1,1,1,272000,12.513561021741964
9,3676,1838,3,3.0,8,5,5,5,2006,3,3,1,1,1,315000,12.660331092405906
8,3254,2285,3,2.5,8,5,4,4,2000,7,7,1,1,1,248000,12.421188057397055
7,3330,1680,2,3.0,7,5,4,4,1998,11,10,1,1,1,213250,12.270225154674701
7,1490,767,1,2.0,4,5,3,3,1998,9,9,1,0,1,133000,11.798111925972618
7,2150,1496,2,3.5,7,5,4,4,2006,0,0,1,1,1,179665,12.098854850641
7,3387,2183,3,2.5,9,5,4,4,1988,18,18,1,0,1,229000,12.34148164933907
6,2700,1635,2,1.5,6,7,3,3,1923,84,57,1,1,1,210000,12.25486757159303
5,1536,768,2,2.0,5,7,3,3,1970,37,37,1,0,1,129500,11.771443882099637
5,1650,825,2,2.0,4,7,3,3,1955,53,13,1,0,1,125000,11.736077016252437
7,3006,2094,2,2.5,8,5,4,4,2003,6,5,1,1,1,263000,12.479913113434042
6,2138,1069,2,2.0,4,6,3,3,1977,31,31,1,0,1,140000,11.849404844423074
5,1856,928,1,1.0,5,6,3,3,1957,51,51,1,0,1,112500,11.630717389475995
8,3426,1717,3,2.0,7,5,4,4,2006,3,3,1,1,1,255500,12.450981602512561
4,1126,1126,2,2.0,5,5,3,4,1949,60,6,1,0,0,108000,11.58989576532275
7,3044,2046,3,3.5,8,5,4,4,2003,5,4,1,1,1,284000,12.556733038263905
5,2041,1048,1,1.0,5,6,3,3,1922,84,56,1,1,1,113000,11.635151947212842
5,2184,1092,1,2.0,6,5,3,3,1957,49,49,1,1,1,141000,11.856522261533737
4,1973,1336,1,1.5,7,6,3,3,1920,86,56,1,0,1,108000,11.58989576532275
7,2175,1446,2,3.0,6,5,3,3,1996,12,11,1,1,1,175000,12.07254696717504
7,2931,1557,2,2.0,7,5,4,4,2003,3,2,1,1,1,234000,12.36308066783498
5,2784,1392,2,2.5,5,6,3,3,1957,53,14,1,1,1,121500,11.707677772181546
5,2778,1389,2,2.0,6,5,3,3,1974,32,31,1,1,1,170000,12.04355959836804
5,1992,996,0,2.0,6,6,3,3,1940,68,39,0,1,1,108000,11.58989576532275
6,2837,1674,2,2.0,8,7,3,3,1918,90,58,1,1,1,185000,12.128116509451258
7,3390,2295,2,3.5,9,5,4,4,1992,14,6,1,1,1,268000,12.498745990829315
6,2453,1647,1,2.5,6,4,3,2,1915,95,60,1,0,1,128000,11.759793355371237
9,3626,2504,3,2.5,11,5,4,5,2005,3,1,1,1,1,325000,12.691583538230217
7,3052,1535,2,2.0,7,5,4,4,2004,6,6,1,0,1,214000,12.273735966890268
8,3628,2132,2,2.5,5,8,4,4,1983,26,0,1,1,1,316600,12.665397584983758
5,1886,943,2,2.0,4,5,3,3,1979,27,27,1,1,1,135960,11.820123358887447
5,3456,1728,2,2.0,10,5,3,3,1965,43,43,1,0,1,142600,11.867805799560465
6,1728,864,1,2.0,4,6,3,4,1959,47,47,1,0,1,120000,11.695255355062795
7,2538,1692,2,2.5,6,5,3,4,2009,0,0,1,0,1,224500,12.32163544049751
7,1814,1430,2,2.5,8,5,3,3,2000,7,7,1,1,1,170000,12.04355959836804
5,1481,1109,1,1.5,5,7,3,3,1971,36,2,1,0,1,139000,11.842236406331555
5,2048,1216,1,1.0,6,5,3,3,1947,61,58,1,0,1,118500,11.682676678340282
7,2338,1477,1,2.5,6,7,3,3,1928,81,59,1,1,1,145000,11.884495917930655
5,2484,1320,2,2.0,6,6,3,3,1966,40,40,1,1,1,164500,12.010671928196443
7,2081,1392,2,2.0,5,5,4,4,2007,1,1,1,0,1,146000,11.891368749982085
5,2845,1795,1,2.0,7,5,3,3,1954,54,54,1,0,1,131500,11.78676973513378
6,2573,1429,2,1.5,7,6,3,4,1960,47,20,1,1,1,181900,12.111217862017215
8,4084,2042,3,2.5,8,5,5,5,2008,1,0,1,1,1,253293,12.442306148381938
6,1632,816,0,2.0,5,5,3,3,1990,17,17,0,0,1,118500,11.682676678340282
10,4012,2775,2,3.5,9,9,5,4,1893,115,8,1,1,1,325000,12.691583538230217
4,2457,1573,1,1.0,6,7,3,4,1935,74,14,1,0,1,133000,11.798111925972618
8,3896,2028,3,3.0,7,5,4,4,2005,1,0,1,1,1,369900,12.820990681250251
6,1654,838,1,2.0,5,7,3,2,1918,90,8,1,0,1,130000,11.775297421715827
5,1700,860,2,2.0,4,6,3,3,1982,27,27,1,0,1,137000,11.827743504053695
5,2910,1473,1,3.0,5,8,3,5,1968,41,6,1,1,1,143000,11.870606902224587
5,1521,935,1,1.0,4,6,3,3,1930,78,48,1,0,1,79500,11.283524879179666
7,2352,1582,2,2.5,6,5,4,4,2004,4,4,1,0,1,185900,12.132969552931216
10,4018,2296,3,3.5,10,5,5,5,2008,1,1,1,1,1,451950,13.02132904585825
5,1632,816,2,2.0,4,8,3,3,1982,26,5,1,0,1,138000,11.835016210489899
6,1696,848,2,2.0,4,5,4,4,2003,6,6,1,0,1,140000,11.849404844423074
5,1848,924,1,1.0,5,6,3,3,1975,33,33,1,0,1,110000,11.608244735642321
8,3640,1826,3,3.0,7,5,4,4,2005,1,0,1,1,1,319000,12.672949516558306
6,2052,1368,1,1.0,7,7,3,3,1910,96,13,1,0,1,114504,11.648373769145277
7,2660,1402,3,2.0,7,5,4,4,2006,1,0,1,1,1,194201,12.176654133447505
5,3077,1647,2,3.0,7,6,3,4,1977,29,29,1,1,1,217500,12.289958727201455
6,2272,1556,2,3.5,6,6,3,3,1980,28,28,1,1,1,151000,11.92504173829169
8,2962,1904,2,3.5,8,5,4,5,2005,1,1,1,1,1,275000,12.524530013005734
6,2155,1375,1,1.5,6,6,3,4,1937,70,57,1,1,1,141000,11.856522261533737
8,2823,1915,2,3.5,8,5,4,4,1992,14,14,1,1,1,220000,12.301387370778713
7,1800,1200,2,2.5,4,5,4,4,2004,6,5,1,0,1,151000,11.92504173829169
7,2988,1494,2,3.0,6,5,4,4,2002,6,6,1,1,1,221000,12.30592250537653
7,2754,1986,2,2.5,7,6,3,3,1965,44,19,1,1,1,205000,12.230770136157428
5,2080,1040,2,2.0,6,5,3,4,1996,13,13,1,0,1,152000,11.931642378754141
5,2904,2008,1,4.0,8,8,3,5,1948,58,4,1,0,1,225000,12.323860125621126
8,4159,3194,2,2.5,10,6,3,3,1934,73,9,1,1,1,359100,12.791358964949923
4,2058,1029,1,2.0,5,5,3,3,1961,46,46,1,0,1,118500,11.682676678340282
9,3593,2153,3,3.5,8,5,4,5,2000,9,9,1,1,1,313000,12.653961664405365
6,2064,1032,2,2.5,6,6,3,3,1978,29,29,1,1,1,148000,11.904974309480183
8,3171,1872,2,3.5,7,5,4,5,2001,8,8,1,1,1,261500,12.474193386571581
5,2240,1120,0,1.0,6,5,3,3,2007,0,0,0,0,1,147000,11.898194668458823
4,1260,630,0,2.0,3,6,3,3,1972,38,38,0,0,1,75500,11.231901180182515
6,1990,1054,2,2.0,6,7,3,4,1963,47,47,1,0,1,137500,11.83138646878959
6,2292,1509,2,3.5,7,5,4,4,2002,4,3,1,1,1,183200,12.118339189722553
6,1664,832,2,1.0,4,6,3,4,1954,54,54,1,0,1,105500,11.566475710526321
9,3650,1828,3,2.0,9,5,5,4,2007,0,0,1,1,1,314813,12.659737267217572
8,3744,2262,3,3.5,10,5,4,4,2003,5,5,1,1,1,305000,12.628070334272698
3,1728,864,0,2.0,5,3,3,3,1914,94,58,0,0,1,67000,11.112462823634855
6,4136,2614,2,2.5,9,7,3,3,1974,34,11,1,1,1,240000,12.388398368982115
5,1960,980,2,1.0,6,6,3,3,1977,32,32,1,0,1,135000,11.813037464800539
6,2268,1512,2,2.5,4,5,4,4,2000,7,7,1,1,1,168500,12.034696963475044
6,2522,1790,2,3.0,8,5,3,3,1972,34,34,1,1,1,165150,12.014615485902027
6,2232,1116,2,1.5,5,6,3,3,1962,48,48,1,0,1,160000,11.982935344196433
5,2400,1422,1,1.0,6,5,3,3,1960,47,29,1,1,1,139900,11.848690308590857
6,2676,1520,1,2.0,7,6,3,3,1955,55,38,1,1,1,153000,11.938199736300925
5,3120,2080,2,2.5,9,5,3,2,1969,38,38,1,1,1,135000,11.813037464800539
6,2598,1350,2,2.5,6,5,3,3,1964,44,44,1,0,1,168500,12.034696963475044
5,2386,1750,1,1.0,8,6,3,5,1880,126,15,1,0,1,124000,11.728044909070785
8,3108,1554,2,2.0,6,5,4,4,2006,1,1,1,1,1,209500,12.252483791602627
7,2797,1411,2,2.0,6,5,3,3,1977,32,32,1,1,1,82500,11.320565693461432
5,2112,1056,1,1.5,6,7,3,3,1954,53,2,1,0,1,139400,11.845109950883979
6,2112,1056,2,2.0,4,5,3,3,1980,30,30,1,0,1,144000,11.87757552297847
6,4320,3395,0,2.0,14,7,2,2,1914,93,12,0,0,1,200000,12.206077645517674
2,1064,800,0,1.0,4,3,2,2,1936,73,59,0,1,1,60000,11.002116507732017
5,2198,1387,1,2.0,7,4,3,4,1954,55,55,1,0,1,93000,11.440365524765756
5,1592,796,0,1.0,4,7,3,3,1910,98,58,0,0,1,85000,11.350418300109132
8,3087,1567,3,3.0,7,5,4,5,2006,0,0,1,1,1,264561,12.485830907348902
8,3036,1518,2,1.5,6,5,5,5,2003,5,4,1,1,1,274000,12.520887034998584
7,2986,1929,2,3.5,7,5,4,4,2001,6,6,1,1,1,226000,12.328294703023394
8,4656,2704,2,3.5,9,7,4,5,1972,37,14,1,1,1,345000,12.75130259456002
5,2400,1620,2,2.5,7,5,3,3,1969,38,38,1,0,1,152000,11.931642378754141
9,3532,1766,3,3.5,7,5,5,5,2009,0,0,1,1,1,370878,12.823631142839984
6,1962,981,2,2.5,5,5,3,3,1971,36,36,1,0,1,143250,11.872353615355413
5,1048,1048,2,1.0,7,5,3,3,1950,58,58,1,0,0,98300,11.495789479023493
6,2188,1094,2,1.0,5,5,3,3,1953,55,55,1,1,1,155000,11.951186847493476
6,2595,1839,2,1.5,7,5,3,3,1966,44,44,1,1,1,155000,11.951186847493476
4,1260,630,0,2.0,3,6,3,3,1970,37,37,0,0,1,84500,11.344518647594766
7,2478,1665,2,2.5,7,6,4,4,2007,1,1,1,0,1,205950,12.235393555399902
4,2265,1510,1,2.0,7,5,3,3,1940,69,59,1,1,1,108000,11.58989576532275
7,2596,1716,2,2.5,7,5,4,4,1996,13,13,1,1,1,191000,12.160033942617156
6,2225,1469,1,1.0,7,7,3,3,1906,102,13,1,0,1,135000,11.813037464800539
8,4222,2113,3,3.5,7,6,4,4,1995,13,13,1,1,1,350000,12.765691290604371
6,1617,1092,1,1.5,6,5,3,3,1971,39,39,1,0,1,88000,11.385103457032141
5,2106,1053,1,2.5,5,7,4,4,1959,49,2,1,0,1,145500,11.8879382384223
7,2278,1502,1,1.5,6,6,3,3,1931,77,8,1,1,1,149000,11.91170829631447
6,2370,1458,1,1.5,6,5,3,3,1948,62,60,1,1,1,97500,11.487617913343598
5,2972,1486,2,2.0,7,7,3,3,1964,45,10,1,0,1,167000,12.025755079404917
7,2728,1935,2,2.5,7,7,3,3,1976,31,31,1,1,1,197900,12.19552218463499
8,4077,2448,3,3.5,8,7,4,4,1994,15,4,1,1,1,402000,12.904209855160254
6,2784,1392,2,2.0,5,3,3,3,1968,41,41,1,1,1,110000,11.608244735642321
4,2319,1181,2,3.0,6,5,3,3,1972,36,36,1,0,1,137500,11.83138646878959
8,4174,2097,3,2.5,8,5,4,5,2005,1,0,1,1,1,423000,12.955129822091815
8,3342,1936,2,2.5,7,5,4,4,2000,6,6,1,1,1,230500,12.348010479804223
6,3401,2380,2,2.5,7,5,3,3,1965,42,28,1,1,1,129000,11.767575435251748
6,3087,1679,2,3.0,7,5,3,4,1994,14,10,1,1,1,193500,12.173037959397275
5,2625,1437,2,2.5,6,6,3,3,1956,50,19,1,1,1,168000,12.031725210748633
4,1880,1180,1,1.0,5,5,3,2,1922,84,56,1,1,1,137500,11.83138646878959
6,2214,1476,2,3.5,7,5,4,4,2005,4,4,1,0,1,173500,12.063938642041201
6,2041,1369,1,3.0,6,6,3,3,1925,84,59,1,0,1,103600,11.548302261270587
6,2416,1208,2,2.5,6,6,4,3,1977,29,29,1,1,1,165000,12.013706813470414
6,3316,1839,2,3.0,7,7,3,4,1957,50,3,1,1,1,257500,12.458778882573533
6,2272,1136,1,2.0,5,6,3,3,1965,43,43,1,1,1,140000,11.849404844423074
6,2296,1441,2,2.5,7,6,3,3,1978,31,31,1,1,1,148500,11.908346971208951
4,2869,1774,3,3.0,8,2,3,3,1900,106,56,1,0,1,87000,11.373674891823535
5,1560,792,1,1.0,5,8,4,4,1924,85,3,1,0,1,109500,11.603688960617083
8,4092,2046,3,2.5,7,5,4,4,2008,1,1,1,1,1,372500,12.827995001361906
5,1976,988,2,2.0,5,5,3,3,1961,46,46,1,0,1,128500,11.763691965388299
6,1846,923,1,2.0,5,5,3,3,1980,30,30,1,1,1,143000,11.870606902224587
5,2313,1520,1,1.0,6,5,3,3,1932,77,9,1,0,1,159434,11.979391594635791
6,2582,1291,2,2.0,6,5,3,4,1996,12,11,1,1,1,173000,12.06105265381003
9,3294,1668,3,3.0,7,5,4,4,2002,5,5,1,1,1,285000,12.560247968016562
7,3034,1839,2,2.5,7,5,4,3,1998,12,12,1,0,1,221000,12.30592250537653
7,3280,2090,2,3.0,6,5,4,4,1984,23,23,1,1,1,207500,12.242891437918386
7,2635,1761,2,3.0,7,6,4,4,2007,0,0,1,0,1,227875,12.336556900342153
7,1653,1102,2,2.5,4,5,4,4,2004,3,3,1,0,1,148800,11.910365121788654
8,2838,1419,2,3.0,7,6,4,4,2007,0,0,1,1,1,392000,12.879019669789754
6,2724,1362,2,2.0,6,5,4,4,2005,2,1,1,1,1,194700,12.179220327453931
6,1696,848,2,2.0,3,5,4,4,2004,4,4,1,1,1,141000,11.856522261533737
10,6760,4316,3,4.0,10,6,5,5,1994,13,12,1,1,1,755000,13.534474352733596
7,3729,2519,2,3.5,9,5,4,4,1989,17,16,1,1,1,335000,12.721888795877375
5,2146,1073,1,1.0,4,6,3,3,1921,85,38,1,0,1,108480,11.59433032142082
5,2466,1539,2,1.5,5,6,3,3,1936,73,59,1,0,1,141500,11.860062063178267
6,2249,1137,2,3.0,5,6,3,4,1987,19,19,1,1,1,176000,12.07824495582233
5,1232,616,1,1.0,4,7,3,3,1921,85,56,1,0,1,89000,11.39640288460621
5,2128,1148,1,1.5,6,7,3,3,1952,54,54,1,0,1,123500,11.724004532183379
5,1788,894,1,2.0,5,8,3,3,1965,45,1,1,1,1,138500,11.83863282480007
7,2782,1391,2,2.0,5,5,4,4,2004,4,4,1,0,1,196000,12.185875040240456
8,3600,1800,3,3.0,7,5,4,4,2002,4,4,1,1,1,312500,12.652362948153474
7,2328,1164,2,1.5,6,5,3,3,1969,37,37,1,0,1,140000,11.849404844423074
8,3810,2576,3,2.5,10,5,5,5,2006,0,0,1,1,1,361919,12.799178471909892
5,2172,1812,2,2.0,8,9,3,4,1900,110,14,1,1,1,140000,11.849404844423074
7,2957,1484,2,3.0,7,5,4,4,2004,6,5,1,0,1,213000,12.269052139516223
4,1092,1092,0,2.0,7,5,2,2,1930,80,60,0,0,0,55000,10.915106645867503
7,3467,1824,2,3.0,5,5,3,4,1971,36,5,1,1,1,302000,12.618185607609803
8,2648,1324,2,3.0,6,5,4,4,2006,3,3,1,1,1,254000,12.445093483000798
7,2184,1456,2,2.5,8,5,4,4,2007,0,0,1,1,1,179540,12.09815887308463
5,1780,904,1,1.0,6,7,3,3,1966,42,42,1,0,1,109900,11.60733523953139
3,999,729,0,1.0,5,6,4,3,1935,73,5,0,0,1,52000,10.859018228147887
4,2037,1178,1,1.0,7,7,3,3,1900,110,60,1,0,1,102776,11.54031687156214
8,2456,1228,2,3.0,5,5,4,4,1988,20,19,1,1,1,189000,12.149507585033072
4,1920,960,2,2.0,6,5,3,3,1970,36,36,1,0,1,129000,11.767575435251748
6,2204,1479,2,2.5,6,8,4,4,1976,34,5,1,0,1,130500,11.779136168550774
6,2414,1350,2,2.0,7,5,3,3,1974,35,35,1,1,1,165000,12.013706813470414
7,3272,2554,2,1.5,8,8,3,3,1890,117,9,1,0,1,159500,11.979805470779858
5,2354,1178,2,2.0,5,6,3,4,1973,35,8,1,1,1,157000,11.964007453736912
7,3729,2418,3,3.5,9,5,4,4,1993,15,14,1,1,1,341000,12.739640688812674
5,1942,971,1,1.5,5,6,3,3,1969,37,37,1,1,1,128500,11.763691965388299
8,3484,1742,2,3.0,5,5,4,4,1985,21,21,1,1,1,275000,12.524530013005734
6,1696,848,2,2.0,3,5,4,4,2004,6,6,1,0,1,143000,11.870606902224587
4,1728,864,2,1.0,5,7,3,3,1970,39,39,1,0,1,124500,11.732069026983156
4,2411,1470,1,2.0,7,6,3,3,1954,54,36,1,0,1,135000,11.813037464800539
9,3396,1698,3,3.0,8,5,5,5,2007,2,1,1,1,1,320000,12.676079399771027
4,1728,864,2,1.0,5,6,3,4,1970,39,39,1,0,1,120500,11.699413330633599
6,2560,1680,2,3.0,5,9,4,4,1988,21,2,1,1,1,222000,12.310437165348775
7,2464,1232,2,3.0,6,5,4,4,2007,2,2,1,0,1,194500,12.178192583415596
5,3360,1776,3,3.0,9,5,3,3,1958,51,51,1,0,1,110000,11.608244735642321
4,1628,1208,2,1.0,5,5,3,3,1925,84,59,1,0,1,103000,11.542493975902508
8,3211,1616,2,3.0,5,5,4,4,1995,15,14,1,1,1,236500,12.373707715234994
7,2014,1146,2,3.0,6,5,4,4,2003,4,4,1,1,1,187500,12.141539457711714
7,3184,2031,2,2.5,8,5,4,4,1998,10,9,1,1,1,222500,12.312686874960354
5,2008,1144,1,2.0,6,6,3,3,1961,48,26,1,1,1,131400,11.786008995353765
5,1896,948,1,1.0,6,5,3,3,1968,39,39,1,0,1,108000,11.58989576532275
7,2648,1768,2,1.5,6,7,3,3,1914,92,36,1,1,1,163000,12.001511614739405
3,1040,1040,2,2.0,6,4,3,3,1950,56,56,1,0,0,93500,11.445727410406752
8,2694,1801,3,2.5,8,5,4,4,2005,1,1,1,1,1,239900,12.3879816172226
5,2400,1200,0,6.0,5,5,3,3,1987,22,21,0,0,1,179000,12.095146671399466
7,2592,1728,2,2.5,7,5,4,4,2004,5,5,1,0,1,190000,12.154784614286667
5,1696,1432,2,2.0,7,7,3,3,1910,97,5,1,0,1,132000,11.790564777297387
6,1824,912,1,2.5,5,8,3,4,1961,47,12,1,0,1,142000,11.863589378812122
7,2698,1349,2,2.0,6,5,3,3,2000,7,6,1,0,1,179000,12.095146671399466
5,1984,1464,2,2.5,6,6,3,3,1963,46,10,1,1,1,175000,12.07254696717504
8,2674,1337,2,3.0,5,5,4,4,1993,15,15,1,1,1,180000,12.100717685412471
8,3857,2715,2,4.0,11,9,5,4,1976,32,12,1,1,1,299800,12.61087420020211
7,3208,2256,2,2.5,8,5,4,4,2000,9,9,1,1,1,236000,12.371591321286905
7,3880,2640,4,1.5,8,7,4,4,1880,129,6,1,1,1,265979,12.491176396967154
7,3440,1720,2,3.0,7,5,4,4,1996,14,14,1,1,1,260400,12.469978029554953
4,1529,1529,1,2.0,9,3,3,3,1945,64,59,1,0,0,98000,11.49273296168228
4,1716,1140,0,1.0,7,7,3,3,1910,100,6,0,0,1,96500,11.477308649967686
7,1980,1320,2,2.5,6,5,4,4,2003,4,4,1,0,1,162000,11.995357787034976
6,2973,1494,2,3.0,6,5,3,4,1997,9,9,1,0,1,217000,12.28765724080691
8,3128,2098,3,2.5,8,5,4,5,2005,1,1,1,1,1,275500,12.526346537332584
6,2052,1026,2,2.0,5,8,3,4,1969,40,4,1,0,1,156000,11.957617696467539
6,2200,1471,2,2.5,6,5,3,3,1999,10,10,1,0,1,172500,12.058158312538197
8,2634,1768,2,2.5,7,5,4,4,2007,2,2,1,0,1,212000,12.264346270624157
6,2058,1386,2,2.5,6,5,3,3,1978,32,32,1,1,1,158900,11.97603664577121
7,2245,1501,2,2.5,6,5,3,3,1999,9,9,1,0,1,179400,12.097378802727306
8,3849,2531,3,2.5,9,5,4,4,1995,12,12,1,1,1,290000,12.577639650232573
6,1728,864,1,1.0,5,6,3,3,1959,50,50,1,0,1,127500,11.755879486687116
5,2446,1301,2,1.0,5,5,3,2,1924,85,59,1,0,1,100000,11.51293546492023
7,2303,1547,2,2.5,7,5,3,4,2009,1,1,1,0,1,215200,12.279327754099118
8,3617,2365,3,3.5,8,5,4,4,1999,10,10,1,1,1,337000,12.727841176689147
8,2988,1494,2,2.5,6,5,4,5,1995,11,10,1,1,1,270000,12.506180941677357
9,3004,1506,2,2.0,6,5,4,5,2008,0,0,1,1,1,264132,12.484208043148733
7,2694,1714,2,2.5,7,5,3,3,1988,22,22,1,1,1,196500,12.188422799337028
6,2733,1750,1,3.0,7,7,3,3,1940,68,23,1,0,1,160000,11.982935344196433
7,3696,1836,2,2.0,8,5,4,4,2004,2,1,1,1,1,216837,12.28690580994122
8,4929,3279,3,4.5,12,5,5,5,2003,7,7,1,1,1,538000,13.195615697878253
5,1716,858,2,2.0,5,5,3,3,1982,27,27,1,0,1,134900,11.812296455066814
4,2056,1220,2,1.0,6,5,3,3,1951,55,55,1,0,1,102000,11.532737896139919
6,2146,1117,2,2.0,6,5,3,3,1976,34,34,1,1,1,107000,11.580593459194764
5,1824,912,1,1.0,5,5,3,3,1958,49,49,1,0,1,114500,11.648338835562747
8,3908,1973,3,2.0,9,5,4,4,2006,1,1,1,1,1,395000,12.886643575525625
6,2408,1204,2,3.0,5,5,3,3,1998,11,11,1,0,1,162000,11.995357787034976
7,3228,1614,3,2.0,7,5,4,4,2005,1,0,1,0,1,221500,12.308182383129823
5,1758,894,2,2.0,5,5,3,3,1974,32,32,1,1,1,142500,11.86710429621008
5,2020,2020,2,2.0,10,5,3,3,1977,30,30,1,1,0,144000,11.87757552297847
6,1979,1004,2,2.0,4,5,3,3,1977,29,29,1,0,1,135000,11.813037464800539
7,2490,1253,2,2.0,6,5,3,3,1995,12,11,1,1,1,176000,12.07824495582233
6,2364,1603,2,2.5,7,5,4,4,1992,14,14,1,0,1,175900,12.077676615757813
7,2843,1430,2,2.0,6,5,4,4,2001,8,7,1,0,1,187100,12.139403856983334
5,2207,1110,2,2.0,4,6,3,4,1978,31,31,1,1,1,165500,12.016732516077072
6,2226,1484,0,2.0,9,6,3,3,1914,94,7,0,1,1,128000,11.759793355371237
6,2714,1342,2,2.0,7,5,3,3,1967,42,42,1,1,1,161500,11.992266613576142
5,2338,1652,1,3.0,7,6,3,3,1915,95,60,1,0,1,139000,11.842236406331555
7,3040,2084,2,3.5,8,5,4,4,2004,6,6,1,0,1,233000,12.358798024384122
4,1802,901,1,1.0,4,7,3,3,1954,54,8,1,0,1,107900,11.588969419043872
6,2919,2087,2,2.5,9,8,3,4,1966,41,0,1,0,1,187500,12.141539457711714
7,2290,1145,2,2.0,5,5,4,4,2005,4,3,1,1,1,160200,11.984184555794167
6,2091,1062,2,2.0,5,5,3,3,1976,31,31,1,1,1,146800,11.896833207128452
7,3130,2013,2,3.5,8,5,4,3,1996,11,10,1,1,1,269790,12.505402864156405
8,2992,1496,2,2.0,7,5,4,4,2007,0,0,1,0,1,225000,12.323860125621126
7,2607,1895,2,2.5,7,5,4,4,1994,14,12,1,1,1,194500,12.178192583415596
6,2214,1564,2,2.5,7,6,3,3,1980,30,29,1,1,1,171000,12.049424683420915
6,1945,1285,2,1.5,7,5,3,3,1977,30,30,1,1,1,143500,11.874097282798648
5,1546,773,1,1.0,4,5,3,3,1953,55,55,1,0,1,110000,11.608244735642321
9,5066,3140,3,3.5,11,5,5,5,2008,1,0,1,1,1,485000,13.091906231773164
5,2499,1768,1,2.5,7,7,3,4,1937,70,57,1,1,1,175000,12.07254696717504
6,2304,1688,2,3.5,8,5,3,4,1997,11,11,1,0,1,200000,12.206077645517674
4,2392,1196,2,2.0,5,7,3,3,1916,91,17,1,0,1,109900,11.60733523953139
7,2184,1456,2,3.5,7,5,4,4,2005,3,3,1,1,1,189000,12.149507585033072
9,4556,2822,3,3.5,12,5,5,5,2008,1,0,1,1,1,582933,13.275829251377
5,2064,1128,1,1.0,5,5,3,3,1954,52,52,1,0,1,118000,11.678448377988165
7,2845,1428,2,2.0,6,5,4,5,2008,0,0,1,0,1,227680,12.335700805443338
5,1960,980,1,2.0,6,5,3,3,1967,39,39,1,0,1,135500,11.816734299348461
5,2900,1576,2,3.5,6,6,3,4,1923,86,5,1,1,1,223500,12.317171167298682
5,2110,1086,2,2.0,6,5,3,3,1966,40,40,1,1,1,159950,11.982622797311857
5,2987,2138,2,2.0,11,5,3,3,1898,111,44,1,0,1,106000,11.571203807011969
6,2349,1309,2,2.5,5,6,3,4,1974,32,7,1,1,1,181000,12.10625783509458
6,1696,848,2,2.0,4,5,4,4,2004,4,4,1,1,1,144500,11.881041706925902
5,1584,1044,2,1.0,4,5,2,2,1952,58,58,1,0,1,55993,10.932999821119937
6,2884,1442,1,1.5,7,6,3,3,1958,49,49,1,0,1,157900,11.969723533345908
5,1936,1250,1,2.0,7,7,3,2,1918,88,56,1,0,1,116000,11.661354090741
7,3310,1661,2,2.0,6,5,3,4,1998,12,12,1,0,1,224900,12.323415584358154
5,2016,1008,1,1.0,4,6,3,3,1954,52,52,1,1,1,137000,11.827743504053695
8,3257,1689,3,3.0,7,5,4,4,2002,6,6,1,1,1,271000,12.509877789891931
6,2062,1052,2,2.0,6,7,3,3,1971,39,39,1,0,1,155000,11.951186847493476
7,2716,1358,2,3.0,6,5,4,4,2009,1,0,1,1,1,224000,12.319405795112926
7,2438,1640,2,2.5,6,5,4,4,2003,5,5,1,0,1,183000,12.117246896289503
4,1872,936,2,1.0,4,4,2,3,1953,56,56,1,0,1,93000,11.440365524765756
7,2580,1733,2,2.5,7,5,4,4,2003,4,4,1,1,1,225000,12.323860125621126
6,2267,1489,1,2.0,7,7,3,3,1940,69,59,1,1,1,139500,11.845827048676645
8,2978,1489,2,2.0,7,5,4,4,2006,0,0,1,1,1,232600,12.357079818283598
10,4162,2084,3,3.0,7,5,5,5,2007,1,0,1,1,1,385000,12.861001210669146
5,1568,784,0,2.0,5,6,3,4,1924,84,58,0,0,1,109500,11.603688960617083
7,2888,1434,2,2.0,6,5,4,4,2001,8,8,1,1,1,189000,12.149507585033072
5,3139,2126,2,3.0,7,5,3,3,1967,42,42,1,0,1,185000,12.128116509451258
7,1743,1223,2,2.5,4,5,4,4,2005,1,1,1,0,1,147400,11.900912042974875
6,2784,1392,2,2.5,6,5,3,3,1957,51,51,1,1,1,166000,12.019749091416921
7,1720,1200,2,2.5,4,5,3,4,2005,1,1,1,0,1,151000,11.92504173829169
7,2770,1829,2,3.5,7,6,4,4,2003,7,7,1,1,1,237000,12.37581963951765
6,3032,1516,2,1.5,6,6,3,3,1964,45,45,1,0,1,167000,12.025755079404917
5,2288,1144,2,2.0,6,6,3,3,1961,47,47,1,0,1,139950,11.849047640327147
4,2134,1067,2,2.0,4,7,3,4,1950,60,15,1,0,1,128000,11.759793355371237
5,3118,1559,2,2.0,5,6,3,3,1948,59,34,1,0,1,153500,11.941462360646149
6,1470,987,1,2.5,5,5,3,3,1973,35,35,1,0,1,100000,11.51293546492023
5,2198,1099,1,1.5,6,6,3,4,1995,13,2,1,0,1,144000,11.87757552297847
5,1968,1200,1,1.0,6,6,3,3,1946,62,13,1,0,1,130500,11.779136168550774
6,2154,1482,1,2.0,7,8,3,2,1925,83,58,1,0,1,140000,11.849404844423074
5,2189,1539,2,2.0,8,8,3,4,1904,104,6,1,1,1,157500,11.967187086434018
6,2292,1165,2,2.5,6,7,3,3,1966,42,42,1,0,1,174900,12.071975378543236
5,3600,1800,0,2.0,10,4,3,3,1961,46,46,0,0,1,141000,11.856522261533737
5,2292,1416,3,1.5,7,8,3,3,1915,93,58,1,1,1,153900,11.944064817531656
5,3091,1701,2,3.0,6,5,3,3,1975,32,26,1,1,1,171000,12.049424683420915
7,2515,1775,2,3.5,7,5,4,4,1993,16,16,1,1,1,213000,12.269052139516223
5,1728,864,1,2.0,5,6,3,3,1972,37,37,1,1,1,133500,11.80186424743109
6,3265,2358,2,3.0,10,8,3,3,1908,100,11,1,1,1,240000,12.388398368982115
6,2383,1855,2,2.5,7,7,4,3,1976,31,13,1,1,1,187000,12.138869243416009
6,1696,848,2,2.0,3,5,4,4,2003,4,4,1,0,1,131500,11.78676973513378
8,2729,1456,2,2.0,7,5,4,4,2003,3,3,1,1,1,215000,12.278397958261774
7,2564,1646,1,2.0,7,5,3,3,1941,66,57,1,1,1,164000,12.00762780434872
6,2572,1445,2,1.5,7,6,3,3,1964,45,45,1,1,1,158000,11.970356641102999
5,3542,1779,2,2.5,6,4,3,3,1955,51,32,1,1,1,170000,12.04355959836804
5,2080,1040,1,2.5,6,8,3,3,1962,48,0,1,0,1,127000,11.751950239425476
6,1966,1026,2,2.0,5,6,3,3,1978,30,30,1,0,1,147000,11.898194668458823
6,2183,1481,2,2.5,6,5,3,3,1994,15,14,1,1,1,174000,12.066816325306588
7,2460,1370,2,2.0,6,5,3,3,1976,33,33,1,1,1,152000,11.931642378754141
6,3708,2654,2,3.5,9,7,3,4,1968,38,22,1,1,1,250000,12.429220196836383
7,2338,1426,1,1.5,7,8,4,4,1918,89,9,1,1,1,189950,12.154521423145216
5,2078,1039,2,2.5,6,4,3,3,1965,45,45,1,0,1,131500,11.78676973513378
6,2137,1097,2,2.0,6,5,3,3,1984,26,25,1,0,1,152000,11.931642378754141
5,2296,1148,1,2.0,6,5,3,3,1959,50,50,1,0,1,132500,11.794345471549745
7,2744,1372,2,2.0,6,5,4,4,2007,1,0,1,0,1,250580,12.43153750053306
5,2004,1002,2,2.0,5,6,3,3,1970,39,39,1,0,1,148500,11.908346971208951
8,3284,1646,3,2.0,6,5,4,4,2006,1,0,1,1,1,248900,12.424810506025395
4,2160,1120,2,2.5,5,5,3,2,1961,46,46,1,0,1,129000,11.767575435251748
5,2267,2320,2,2.0,7,6,3,3,1948,58,56,1,1,0,169000,12.037659911047468
7,2999,1949,2,3.5,8,5,4,4,1993,17,16,1,1,1,236000,12.371591321286905
5,1788,894,1,1.0,5,5,3,3,1962,47,47,1,0,1,109500,11.603688960617083
6,2486,1682,2,2.5,7,5,3,4,1998,12,12,1,0,1,200500,12.208574513247495
5,1015,910,2,1.0,5,7,4,4,1953,55,12,1,0,1,116000,11.661354090741
5,1868,1268,1,1.0,6,7,4,3,1949,60,59,1,1,1,133000,11.798111925972618
5,1807,1131,1,1.5,5,6,3,3,1941,68,59,1,0,1,66500,11.104972264124868
8,3794,2610,2,2.5,11,5,4,5,2007,0,0,1,1,1,303477,12.623064399210183
4,2104,1040,2,2.0,5,5,3,3,1963,44,44,1,0,1,132250,11.792456911128632
9,3686,2224,3,3.5,10,5,4,5,2004,5,4,1,1,1,350000,12.765691290604371
5,2264,1155,2,2.0,6,7,3,4,1961,49,15,1,0,1,148000,11.904974309480183
5,1728,864,1,2.0,6,8,4,3,1978,31,4,1,0,1,136500,11.824087219587643
5,2180,1090,2,2.5,5,5,3,3,2005,2,1,1,0,1,157000,11.964007453736912
7,2873,1717,2,2.5,7,5,4,4,1990,17,16,1,1,1,187500,12.141539457711714
6,2401,1593,2,2.5,7,5,3,3,1992,17,16,1,1,1,178000,12.08954444723597
4,2544,2230,1,2.0,10,5,4,3,1912,94,56,1,0,1,118500,11.682676678340282
5,1784,892,1,1.0,5,5,3,3,1967,42,42,1,0,1,100000,11.51293546492023
9,3407,1709,2,3.0,5,5,4,4,1999,9,8,1,1,1,328900,12.70351207261035
5,3338,1712,2,2.0,8,5,3,3,1959,47,1,1,0,1,145000,11.884495917930655
5,2209,1393,1,1.5,8,7,3,3,1955,53,53,1,0,1,135500,11.816734299348461
8,4434,2217,2,3.0,8,6,4,4,1970,37,37,1,1,1,268000,12.498745990829315
6,3010,1505,2,2.0,6,4,3,3,1953,56,56,1,1,1,149500,11.915058360753719
5,1596,924,2,1.0,6,7,3,3,1949,58,1,1,1,1,122900,11.719134432217524
6,2601,1683,2,2.5,7,5,3,3,1978,31,31,1,1,1,172500,12.058158312538197
6,2127,1068,1,1.5,6,8,3,3,1963,43,3,1,0,1,154500,11.947955847790901
5,2766,1383,1,2.0,6,5,3,3,1954,54,54,1,1,1,165000,12.013706813470414
5,1535,1535,2,2.0,8,5,3,3,1979,30,30,1,0,0,118858,11.685693195625964
6,2576,1796,2,2.5,8,5,3,3,1963,45,45,1,1,1,140000,11.849404844423074
4,1902,951,1,1.0,6,6,3,3,1936,70,56,1,0,1,106500,11.575909653758895
5,2240,2240,2,2.0,12,5,3,3,1979,30,30,1,0,0,142953,11.870278179170796
9,4694,2364,3,3.5,11,5,5,5,2009,1,0,1,1,1,611657,13.323928581764989
5,2148,1236,1,1.0,6,7,3,3,1961,45,12,1,1,1,135000,11.813037464800539
4,1716,858,1,1.0,4,6,3,3,1971,36,36,1,0,1,110000,11.608244735642321
5,2298,1306,1,2.0,5,7,3,3,1957,52,9,1,0,1,153000,11.938199736300925
7,2292,1509,2,2.5,8,5,4,4,2003,3,3,1,1,1,180000,12.100717685412471
7,3340,1670,3,2.0,7,5,4,4,2006,0,0,1,1,1,240000,12.388398368982115
5,1778,902,1,1.0,6,6,3,3,1967,40,40,1,0,1,125500,11.74006900564972
5,2119,1063,1,2.0,6,5,3,3,1954,56,56,1,0,1,128000,11.759793355371237
8,3259,1636,3,3.0,8,5,4,4,2006,1,1,1,1,1,255000,12.449022745701502
7,3074,2057,1,1.5,6,7,4,4,1936,70,19,1,1,1,250000,12.429220196836383
5,1766,902,2,2.0,5,5,3,3,1983,23,23,1,0,1,131000,11.782960235741939
6,2226,1484,2,2.5,8,5,4,4,2005,4,4,1,1,1,174000,12.066816325306588
5,3379,2274,2,2.0,12,5,3,3,1960,50,50,1,0,1,154300,11.946660519211651
5,2536,1268,1,1.5,5,7,3,4,1977,32,20,1,0,1,143500,11.874097282798648
5,1783,1015,1,1.0,6,7,3,3,1925,81,56,1,0,1,88000,11.385103457032141
5,3003,2002,3,2.0,8,6,3,3,1949,58,57,1,0,1,145000,11.884495917930655
6,1836,1224,2,2.5,4,5,4,4,2009,0,0,1,0,1,173733,12.065280672855897
4,1638,1092,1,1.5,6,5,3,3,1970,37,37,1,0,1,75000,11.225256725762893
2,960,480,1,1.0,4,3,3,3,1949,57,56,1,0,1,35311,10.471978128496518
4,2363,1229,1,1.0,6,6,3,3,1956,53,53,1,0,1,135000,11.813037464800539
7,3231,2127,3,3.5,8,5,4,4,1991,16,16,1,1,1,238000,12.380030154325457
6,2598,1414,2,2.0,6,8,5,3,1958,50,6,1,1,1,176500,12.081081821061819
6,2649,1721,2,3.0,7,5,4,4,1994,13,13,1,0,1,201000,12.211065162153215
5,3472,2200,0,5.0,9,7,3,3,1900,108,5,0,0,1,145900,11.890683588496984
6,2632,1316,2,2.0,6,5,4,4,2005,1,0,1,1,1,169990,12.043500773454495
6,3221,1617,2,3.0,5,5,4,4,1993,15,14,1,1,1,193000,12.170450649220749
6,3372,1686,2,3.0,7,6,3,3,1980,26,26,1,1,1,207500,12.242891437918386
5,2252,1126,2,2.5,6,6,3,5,1977,31,31,1,0,1,175000,12.07254696717504
8,3555,2374,3,2.5,10,5,4,5,2003,4,3,1,1,1,285000,12.560247968016562
7,2810,1978,2,2.5,9,5,3,3,1968,40,40,1,1,1,176000,12.07824495582233
8,3541,1788,2,2.0,7,5,4,5,2001,8,8,1,1,1,236500,12.373707715234994
7,3200,2236,2,2.5,8,5,3,4,1997,9,9,1,1,1,222000,12.310437165348775
8,2932,1466,3,2.0,7,5,4,4,2007,2,2,1,0,1,201000,12.211065162153215
5,1850,925,1,1.5,5,6,3,3,1965,44,44,1,0,1,117500,11.674202123168433
9,3810,1905,3,2.0,8,5,5,5,2006,1,1,1,1,1,320000,12.676079399771027
7,3000,1500,2,2.0,6,5,4,4,2004,5,5,1,0,1,190000,12.154784614286667
7,2654,2069,2,3.0,9,7,3,4,1960,48,1,1,1,1,242000,12.396697137361691
4,1347,747,2,1.0,5,5,3,3,1926,80,53,1,0,1,79900,11.288543647320601
7,2376,1200,2,3.0,5,5,4,4,2003,6,6,1,0,1,184900,12.127575825689417
7,3084,1971,2,2.5,8,5,4,4,2005,4,4,1,1,1,253000,12.441148720271016
7,3353,1962,3,2.5,7,5,4,4,2006,0,0,1,0,1,239799,12.387560521575551
7,3435,2403,1,2.0,10,7,3,3,1940,70,60,1,1,1,244400,12.406565597924235
6,3456,1728,2,2.0,8,5,3,3,1976,30,30,1,0,1,150900,11.924379271639218
7,3052,2060,2,3.5,8,5,4,4,1999,10,10,1,1,1,214000,12.273735966890268
4,2880,1440,0,4.0,8,3,3,3,1977,30,30,0,0,1,150000,11.918397239722838
5,3264,1632,2,2.0,8,4,3,3,1967,40,40,1,0,1,143000,11.870606902224587
6,2163,1344,2,1.5,7,6,3,4,1958,51,51,1,1,1,137500,11.83138646878959
5,2837,1869,2,1.0,7,6,3,3,1890,119,13,1,0,1,124900,11.735276702486741
5,2288,1144,1,2.0,6,6,3,3,1959,47,47,1,1,1,143000,11.870606902224587
8,3245,1629,3,3.0,9,5,4,4,2002,5,4,1,1,1,270000,12.506180941677357
7,2712,1776,2,2.5,7,5,4,4,2002,4,4,1,1,1,192500,12.167856627501678
6,2542,1381,2,2.5,5,7,3,4,1972,38,4,1,1,1,197500,12.193498926601634
5,1728,864,2,2.0,5,8,3,4,1950,57,5,1,0,1,129000,11.767575435251748
5,1793,965,1,2.0,6,5,3,3,1965,41,41,1,0,1,119900,11.694421681264394
5,1536,768,1,1.5,5,8,3,3,1972,37,6,1,0,1,133900,11.804855999911272
5,2752,1968,2,3.0,7,4,3,3,1969,39,39,1,1,1,172000,12.055255569732177
6,1925,980,0,3.0,4,5,3,3,1975,31,31,0,0,1,127500,11.755879486687116
6,2937,1958,2,2.0,8,6,3,3,1946,61,57,1,0,1,145000,11.884495917930655
6,1790,1229,2,1.5,5,6,3,3,1980,29,29,1,1,1,124000,11.728044909070785
5,2114,1057,2,1.0,6,5,3,3,1962,45,45,1,0,1,132000,11.790564777297387
7,2674,1337,2,3.0,6,5,4,4,2003,4,4,1,0,1,185000,12.128116509451258
7,2112,1416,2,3.5,6,5,4,4,1999,11,11,1,0,1,155000,11.951186847493476
5,1716,858,0,2.0,4,7,3,3,1958,52,2,0,0,1,116500,11.665655135642039
6,4202,2872,2,3.5,11,7,3,3,1977,31,13,1,1,1,272000,12.513561021741964
6,2352,1548,2,3.5,7,6,3,4,1976,31,31,1,1,1,155000,11.951186847493476
9,3600,1800,2,2.0,7,5,4,5,2007,2,2,1,0,1,239000,12.384223015005313
7,2711,1894,2,3.5,8,5,4,4,2002,8,7,1,1,1,214900,12.277932735946903
6,2267,1484,2,2.5,8,5,4,4,2005,2,0,1,1,1,178900,12.094587859196112
5,2036,1308,1,2.5,7,7,4,3,1940,69,59,1,1,1,160000,11.982935344196433
5,2196,1098,1,2.0,6,7,3,3,1955,53,53,1,0,1,135000,11.813037464800539
3,1568,968,0,1.0,6,6,3,3,1910,99,59,0,0,1,37900,10.542732775946709
6,1683,1095,1,2.0,6,5,3,3,1958,48,48,1,0,1,140000,11.849404844423074
4,1912,1192,0,1.5,6,4,3,3,1949,57,56,0,0,1,135000,11.813037464800539
7,2390,1626,2,2.0,6,5,4,4,2003,6,5,1,0,1,173000,12.06105265381003
6,1836,918,1,2.0,5,5,3,3,1979,31,31,1,1,1,99500,11.507922973347437
7,2856,1428,2,2.0,6,5,4,4,2007,1,0,1,0,1,182000,12.111767460549332
7,2747,2019,2,1.0,8,8,3,4,1910,99,16,1,0,1,167500,12.02874460037869
7,2055,1382,2,3.5,6,5,4,4,2000,6,6,1,0,1,165000,12.013706813470414
4,1309,869,0,1.0,4,7,3,2,1923,83,48,0,0,1,85500,11.356283350762888
7,2482,1241,2,2.5,4,5,4,4,2006,1,0,1,0,1,199900,12.20557752297723
4,1788,894,2,1.0,5,5,3,3,1954,53,53,1,0,1,110000,11.608244735642321
5,2242,1121,2,2.0,5,6,3,3,1963,46,46,1,0,1,139000,11.842236406331555
7,1943,999,2,2.0,6,9,5,5,1961,47,1,1,0,1,178400,12.091789104493502
8,3837,2612,3,3.5,8,5,4,4,1998,11,10,1,1,1,336000,12.724869415131389
7,2532,1266,2,2.0,6,5,4,4,2007,1,1,1,1,1,159895,11.982278882874377
8,3418,2290,2,2.5,9,5,4,4,2002,6,6,1,1,1,255900,12.45254592991672
5,1734,1734,2,2.0,8,5,3,4,1977,32,32,1,0,0,126000,11.744045122410057
5,2328,1164,1,2.0,5,5,3,3,1950,58,58,1,0,1,125000,11.736077016252437
6,2120,1635,1,1.0,5,8,3,4,1910,96,3,1,0,1,117000,11.669937760751914
9,3870,1940,3,3.5,8,5,5,5,2009,1,0,1,1,1,395192,12.887129532148373
6,2878,2030,2,2.5,8,6,3,4,1976,31,31,1,1,1,195000,12.180759965737863
7,2346,1576,2,2.5,6,5,4,4,2006,0,0,1,0,1,197000,12.190964083849375
8,3788,2392,3,3.5,7,5,4,4,1997,9,8,1,1,1,348000,12.759960632315702
8,2658,1742,2,1.5,8,9,4,4,1882,127,23,1,1,1,168000,12.031725210748633
6,2673,1851,2,2.5,7,8,3,4,1964,43,14,1,1,1,187000,12.138869243416009
6,2250,1500,2,2.5,6,5,3,4,2005,1,0,1,0,1,173900,12.066241450757124
10,3418,1718,3,3.0,7,5,5,5,2006,3,2,1,1,1,337500,12.729323752253295
4,1977,1230,1,2.5,5,7,3,3,1946,60,56,1,0,1,121600,11.7085004721646
5,2100,1050,1,2.0,6,6,3,3,1961,45,45,1,0,1,136500,11.824087219587643
6,2884,1442,2,2.0,6,6,3,3,1970,39,39,1,1,1,185000,12.128116509451258
3,2084,1077,1,1.0,6,4,3,3,1922,84,56,1,1,1,91000,11.418625774449598
7,2395,1208,2,3.0,6,5,4,4,2006,4,4,1,0,1,206000,12.235636302128867
3,944,944,2,1.0,4,3,3,2,1952,57,57,1,0,0,82000,11.314486721293981
5,1382,691,1,1.0,4,6,3,5,1920,87,57,1,0,1,86000,11.362114203075018
8,3148,1574,3,2.0,7,5,4,4,2006,2,2,1,1,1,232000,12.354496960983985
5,3360,1680,2,2.0,8,6,3,3,1976,31,31,1,0,1,136905,11.827049837927534
7,2850,1504,2,2.0,7,5,4,4,2005,4,3,1,1,1,181000,12.10625783509458
5,1970,985,1,2.0,6,8,4,3,1977,31,31,1,0,1,149900,11.917730355182513
6,3314,1657,2,2.5,7,3,3,3,1970,37,37,1,1,1,163500,12.004574385508691
4,1638,1092,1,1.5,6,4,3,3,1970,39,39,1,0,1,88000,11.385103457032141
7,3420,1710,2,2.0,7,5,4,4,2004,5,4,1,1,1,240000,12.388398368982115
5,2016,1522,0,2.0,7,5,3,3,1926,80,56,0,0,1,102000,11.532737896139919
5,1991,1271,1,2.0,7,5,3,3,1948,60,58,1,1,1,135000,11.813037464800539
5,1664,1664,0,2.0,8,5,3,3,1965,45,45,0,0,0,100000,11.51293546492023
6,2104,1502,1,1.5,7,7,3,4,1923,84,11,1,1,1,165000,12.013706813470414
5,2044,1022,1,2.0,4,4,3,3,1910,99,3,1,0,1,85000,11.350418300109132
6,2164,1082,1,1.0,5,5,3,3,1948,59,57,1,1,1,119200,11.688566422839942
8,2475,1665,2,3.5,6,6,4,4,2001,8,8,1,0,1,227000,12.33270970174018
7,3008,1504,2,3.0,6,5,4,4,1996,13,13,1,1,1,203000,12.220966184120165
8,2580,1360,2,2.0,4,5,4,4,1984,25,25,1,1,1,187500,12.141539457711714
7,1856,1472,2,2.5,7,5,4,4,1991,16,15,1,1,1,160000,11.982935344196433
7,2868,1506,2,2.0,6,5,4,4,2005,1,1,1,1,1,213490,12.271349956195543
4,2264,1132,2,2.5,5,5,3,4,2005,3,3,1,0,1,176000,12.07824495582233
7,2419,1220,2,3.0,6,5,4,4,2006,0,0,1,0,1,194000,12.175618592671356
5,2160,1248,1,1.0,6,5,3,3,1930,77,57,1,0,1,87000,11.373674891823535
7,2850,1504,2,2.0,7,5,4,4,2005,3,2,1,1,1,191000,12.160033942617156
8,4463,2898,2,3.0,10,6,4,4,1976,32,32,1,1,1,287000,12.567240979056246
5,1764,882,2,2.0,5,5,3,3,1972,35,35,1,0,1,112500,11.630717389475995
5,2532,1264,2,2.0,6,5,3,3,1960,50,50,1,1,1,167500,12.02874460037869
8,3284,1646,3,3.0,7,5,4,4,2007,1,0,1,1,1,293077,12.588194064175278
5,2144,1376,1,2.0,6,5,3,3,1941,66,57,1,1,1,105000,11.561725152903833
6,1890,1218,1,2.0,7,7,3,3,1972,34,34,1,0,1,118000,11.678448377988165
5,2614,1928,0,2.0,10,8,3,3,1916,90,11,0,0,1,160000,11.982935344196433
7,3509,3082,2,3.5,12,3,3,3,1920,89,39,1,1,1,197000,12.190964083849375
8,3858,2520,3,3.5,10,7,4,4,1993,13,13,1,1,1,310000,12.644330802262578
7,3308,1654,3,3.0,6,5,4,4,2002,4,4,1,0,1,230000,12.345838935721968
5,1874,954,1,1.0,5,7,3,2,1938,69,57,1,1,1,119750,11.693169865968983
4,845,845,1,1.0,5,3,3,3,1957,52,52,1,0,0,84000,11.338583982516495
9,3240,1620,3,3.0,6,5,4,5,2007,2,1,1,1,1,315500,12.66191713053049
8,3318,2263,2,2.5,7,5,4,4,2001,7,6,1,1,1,287000,12.567240979056246
4,1890,1344,0,1.5,6,6,3,3,1970,39,1,0,1,1,97000,11.48247656671073
4,1260,630,1,2.0,3,4,3,3,1970,39,39,1,0,1,80000,11.289794413577894
5,2937,1803,2,3.0,8,4,3,3,1957,49,6,1,1,1,155000,11.951186847493476
6,2432,1632,2,2.0,7,8,3,4,1966,42,8,1,0,1,173000,12.06105265381003
6,2612,1306,2,3.0,5,5,4,4,2005,4,4,1,1,1,196000,12.185875040240456
7,3804,2329,2,3.5,10,5,3,4,1990,18,18,1,1,1,262280,12.47717172708952
8,5048,2524,2,3.5,9,5,4,4,1981,28,28,1,1,1,278000,12.535379989788607
3,1733,1733,2,2.0,8,5,3,3,1955,54,54,1,1,0,139600,11.846543632608535
9,4860,2868,3,3.5,11,5,4,5,2005,1,0,1,1,1,556581,13.229569788348705
5,1980,990,2,1.5,5,5,3,3,1994,14,13,1,0,1,145000,11.884495917930655
5,1771,1771,2,1.0,9,4,3,3,1960,49,3,1,1,0,115000,11.652696102959753
4,930,930,1,1.0,6,7,3,4,1946,64,4,1,0,0,84900,11.349241150793087
7,2604,1302,2,2.0,6,5,4,4,2007,0,0,1,0,1,176485,12.080996832096167
7,2632,1316,2,2.0,6,5,4,4,2007,0,0,1,1,1,200141,12.206782393599413
6,2793,1977,2,2.0,9,6,3,3,1964,43,29,1,1,1,165000,12.013706813470414
5,2742,1526,1,1.0,7,6,3,3,1957,53,8,1,1,1,144500,11.881041706925902
8,3054,1989,2,3.5,7,5,4,4,2002,4,4,1,1,1,255000,12.449022745701502
6,2716,1523,2,2.5,7,5,3,3,1976,32,32,1,1,1,180000,12.100717685412471
7,2728,1364,2,3.0,6,5,4,4,2005,1,1,1,1,1,185850,12.13270055639427
7,2823,1850,2,2.5,7,6,4,4,1994,15,15,1,1,1,248000,12.421188057397055
9,3288,2184,3,3.5,10,5,5,5,2008,1,1,1,1,1,335000,12.721888795877375
6,2845,1991,2,1.5,7,7,3,3,1932,75,57,1,1,1,220000,12.301387370778713
8,2676,1338,2,3.0,6,5,4,4,2001,9,9,1,0,1,213500,12.271396795480596
3,1788,894,3,1.0,6,4,2,3,1935,73,58,1,0,1,81000,11.302216779257382
5,2999,2337,2,2.0,10,5,3,3,1900,107,57,1,0,1,90000,11.407576060361786
6,2206,1103,2,1.0,5,6,3,4,1925,81,26,1,1,1,110500,11.612779849672751
5,2308,1154,2,1.5,6,6,3,3,1966,43,43,1,1,1,154000,11.944714374881176
7,3566,2260,2,3.5,7,5,4,4,1996,14,13,1,0,1,328000,12.700771936142122
6,2370,1571,2,2.5,7,7,4,3,1993,16,15,1,1,1,178000,12.08954444723597
6,2391,1611,2,2.5,7,6,3,3,1964,44,44,1,0,1,167900,12.031129798974042
6,3463,2521,2,3.5,10,4,3,3,1973,33,33,1,1,1,151400,11.927687224983487
5,1738,893,2,1.5,4,7,3,4,1949,58,4,1,0,1,135000,11.813037464800539
5,2096,1048,1,2.0,6,5,3,3,1956,51,51,1,0,1,135000,11.813037464800539
6,2283,1556,2,1.5,8,6,3,3,1968,41,41,1,0,1,154000,11.944714374881176
5,2266,1456,1,2.5,7,3,3,3,1948,58,56,1,1,1,91500,11.424105180165641
6,2116,1426,2,1.5,6,6,3,3,1977,32,32,1,0,1,159500,11.979805470779858
7,2480,1240,3,2.0,5,5,4,4,2006,1,1,1,0,1,194000,12.175618592671356
7,2540,1740,1,1.5,6,6,3,3,1940,67,23,1,1,1,219500,12.299112067295642
5,2262,1466,2,2.5,7,8,3,4,1936,70,17,1,1,1,170000,12.04355959836804
5,2192,1096,1,2.0,6,5,3,3,1969,37,37,1,0,1,138800,11.840796531639839
6,1696,848,2,2.0,3,5,4,4,2004,2,2,1,1,1,155900,11.956976469393481
5,1980,990,1,1.0,5,5,3,3,1994,13,13,1,0,1,126000,11.744045122410057
6,2516,1258,2,2.5,5,7,4,4,1971,37,4,1,0,1,145000,11.884495917930655
5,2080,1040,1,2.5,5,5,3,3,1963,47,47,1,0,1,133000,11.798111925972618
7,2918,1459,2,2.0,6,5,4,4,2002,5,5,1,1,1,192000,12.165255859329688
6,2502,1251,1,2.0,6,6,3,3,1964,42,42,1,1,1,160000,11.982935344196433
6,2189,1498,2,2.5,6,5,3,3,1995,11,10,1,1,1,187500,12.141539457711714
6,1932,996,2,2.0,5,6,3,4,1992,18,18,1,0,1,147000,11.898194668458823
4,1638,1092,1,1.5,6,5,3,3,1973,37,37,1,0,1,83500,11.332613886815139
8,3035,1953,3,2.5,9,5,4,4,2005,4,3,1,1,1,252000,12.437188334739655
7,2679,1709,2,2.0,7,5,4,4,2004,2,2,1,0,1,137500,11.83138646878959
8,2494,1247,2,2.5,4,5,4,4,2005,1,1,1,1,1,197000,12.190964083849375
3,1040,1040,2,2.0,6,4,3,3,1950,59,59,1,0,0,92900,11.439289689006644
7,1852,1252,2,3.5,4,5,4,4,1999,9,8,1,0,1,160000,11.982935344196433
6,2875,1694,2,2.0,7,5,3,3,1925,83,58,1,1,1,136500,11.824087219587643
5,2064,1200,2,2.5,6,8,3,4,1965,41,8,1,0,1,146000,11.891368749982085
5,1872,936,1,2.0,4,7,3,3,1956,54,10,1,0,1,129000,11.767575435251748
6,2628,1314,2,2.0,6,5,4,4,2006,1,1,1,1,1,176432,12.080696479888447
6,2039,1355,0,1.5,7,7,3,4,1914,93,1,0,0,1,127000,11.751950239425476
8,2162,1088,2,1.5,5,5,4,4,1986,21,21,1,0,1,170000,12.04355959836804
4,1996,1324,1,1.0,6,6,3,3,1936,73,59,1,0,1,128000,11.759793355371237
7,2872,1601,2,2.0,7,5,3,3,1978,31,31,1,1,1,157000,11.964007453736912
2,728,438,1,1.0,3,5,3,2,1920,89,59,1,0,1,60000,11.002116507732017
5,1900,950,1,1.0,5,5,3,3,1971,36,36,1,0,1,119500,11.691080018519527
5,2144,1134,1,1.0,6,7,3,3,1960,47,5,1,0,1,135000,11.813037464800539
6,1849,1194,2,1.5,6,6,3,3,1959,47,47,1,1,1,159500,11.979805470779858
5,1932,1302,2,2.5,6,5,3,3,1970,37,37,1,0,1,106000,11.571203807011969
8,4085,2622,2,3.5,9,5,4,4,1994,16,15,1,1,1,325000,12.691583538230217
7,2352,1442,2,3.0,6,5,4,4,1990,17,16,1,1,1,179900,12.100161978566867
7,2889,2021,2,2.5,9,5,4,4,2006,0,0,1,1,1,274725,12.52352951631214
6,2614,1690,2,2.5,7,5,3,3,2000,7,7,1,1,1,181000,12.10625783509458
8,3672,1836,3,3.0,7,5,4,4,2004,5,4,1,1,1,280000,12.54254845357358
6,2431,1658,2,3.5,8,5,3,3,1995,13,12,1,1,1,188000,12.144202560946876
7,2767,1964,2,2.5,8,6,3,3,1976,32,32,1,1,1,205000,12.230770136157428
5,1632,816,1,2.0,5,7,3,3,1957,49,49,1,0,1,129900,11.774527900858468
5,2016,1008,1,2.0,6,7,3,4,1953,54,1,1,0,1,134500,11.80932691294063
5,1666,833,1,1.0,4,7,3,4,1954,52,6,1,0,1,117000,11.669937760751914
8,3468,1734,3,3.0,7,5,4,5,2007,0,0,1,1,1,318000,12.669809806411457
8,1827,1419,2,3.5,7,5,4,4,2002,7,7,1,1,1,184100,12.123239799036943
5,1788,894,2,2.0,5,7,3,4,1967,41,5,1,0,1,130000,11.775297421715827
5,2134,1601,1,1.5,6,6,3,3,1958,50,21,1,0,1,140000,11.849404844423074
5,2080,1040,1,1.0,6,5,3,3,1959,47,47,1,0,1,133700,11.803361242493628
6,2024,1012,1,1.0,6,5,3,3,1920,87,57,1,1,1,118400,11.681832447342321
7,3104,1552,3,2.0,7,5,4,4,2005,1,0,1,0,1,212900,12.268582547911404
4,1632,960,1,1.0,5,3,3,3,1956,53,53,1,0,1,112000,11.626263078808801
5,1396,698,0,1.5,4,9,3,3,1947,62,1,0,0,1,118000,11.678448377988165
7,1866,1482,2,2.5,7,5,3,4,1992,15,15,1,1,1,163900,12.007017865994577
4,2010,1005,2,1.0,5,5,3,2,1955,54,54,1,1,1,115000,11.652696102959753
7,2928,1555,3,2.0,7,5,4,4,2007,2,2,1,1,1,174000,12.066816325306588
7,3060,1530,3,3.0,7,5,4,4,2004,3,3,1,1,1,259000,12.464587201678082
7,2806,1959,2,2.5,8,5,4,4,2004,3,2,1,1,1,215000,12.278397958261774
5,1872,936,2,2.0,4,5,3,3,1980,27,27,1,0,1,140000,11.849404844423074
4,3103,1981,2,3.0,7,3,3,4,1928,81,59,1,1,1,135000,11.813037464800539
5,1948,974,0,1.0,5,5,3,3,1991,16,15,0,0,1,93500,11.445727410406752
6,3218,2210,1,2.0,8,4,3,2,1880,127,57,1,0,1,117500,11.674202123168433
8,3148,2020,2,2.5,8,5,4,4,1995,14,14,1,1,1,239500,12.386312871189734
6,2516,1600,2,2.5,7,5,3,3,1997,10,10,1,1,1,169000,12.037659911047468
6,1946,986,1,1.0,5,5,3,3,1926,81,57,1,1,1,102000,11.532737896139919
6,2284,1252,1,1.0,6,5,3,3,1950,58,58,1,0,1,119000,11.686887175419702
5,1800,1020,0,1.0,6,8,3,3,1875,135,14,0,0,1,94000,11.451060699493427
6,3134,1567,2,3.0,5,5,3,4,1977,32,32,1,1,1,196000,12.185875040240456
5,2082,1167,2,1.0,6,5,3,3,1920,87,57,1,1,1,144000,11.87757552297847
5,1904,952,2,2.0,4,7,3,3,1951,57,57,1,0,1,139000,11.842236406331555
5,2648,1868,2,3.5,9,7,3,4,1976,33,33,1,1,1,197500,12.193498926601634
8,4294,2828,3,4.0,11,5,4,4,2006,1,0,1,1,1,424870,12.959540872420414
5,2012,1006,0,1.0,5,3,3,3,1959,49,49,0,0,1,80000,11.289794413577894
4,1596,924,1,2.0,5,4,3,2,1941,69,60,1,0,1,80000,11.289794413577894
5,2618,1576,1,1.0,8,6,3,3,1928,78,56,1,1,1,149000,11.91170829631447
6,2596,1298,2,3.0,5,5,4,4,1985,21,21,1,1,1,180000,12.100717685412471
7,2268,1564,1,1.5,7,7,3,2,1941,68,59,1,1,1,174500,12.069685751267224
7,1683,1111,1,1.0,5,7,3,3,1926,82,58,1,1,1,116900,11.669082701743504
7,2132,1482,2,1.5,7,9,3,3,1920,89,21,1,0,1,143000,11.870606902224587
6,1864,932,1,1.0,4,5,3,4,1950,57,57,1,1,1,124000,11.728044909070785
5,2932,1466,2,1.5,6,4,3,2,1959,47,47,1,1,1,149900,11.917730355182513
6,2884,1811,2,1.0,6,7,3,5,1956,50,2,1,1,1,230000,12.345838935721968
6,1632,816,1,1.0,5,8,4,3,1930,78,1,1,0,1,120500,11.699413330633599
7,2684,1820,2,2.0,8,6,3,4,1965,43,20,1,1,1,201800,12.215037342290755
5,2874,1437,2,3.0,6,8,4,4,1976,31,3,1,1,1,218000,12.292254928916668
5,2484,1265,2,2.5,6,8,3,4,1965,43,9,1,1,1,179900,12.100161978566867
7,2628,1314,2,3.0,6,5,4,4,2007,2,1,1,1,1,230000,12.345838935721968
8,3160,1580,3,2.0,7,5,4,4,2007,1,0,1,0,1,235128,12.367889578686164
6,2777,1876,2,2.5,8,6,4,4,1974,34,34,1,1,1,185000,12.128116509451258
6,2311,1456,2,2.5,7,5,3,3,1978,32,32,1,1,1,146000,11.891368749982085
6,2936,1640,2,2.0,7,7,4,4,1954,54,2,1,1,1,224000,12.319405795112926
5,1788,894,2,1.0,5,5,3,3,1968,39,39,1,1,1,129000,11.767575435251748
4,2456,1258,2,3.0,6,4,3,3,1969,39,39,1,0,1,108959,11.59873612138334
5,2792,1432,2,2.5,5,7,3,4,1978,29,29,1,1,1,194000,12.175618592671356
7,3004,1502,2,2.0,7,5,4,4,2009,0,0,1,0,1,233170,12.359527368950229
8,3388,1694,3,2.0,7,5,4,4,2008,2,2,1,0,1,245350,12.41044511731981
6,2630,1671,2,3.5,7,5,3,3,2000,6,6,1,1,1,173000,12.06105265381003
6,3235,2108,2,2.0,7,7,3,4,1935,73,22,1,1,1,235000,12.367345048436391
10,5557,3627,3,4.5,10,5,4,4,1995,11,10,1,1,1,625000,13.345508528717259
6,2214,1118,1,2.0,6,6,3,3,1977,31,31,1,1,1,171000,12.049424683420915
6,2522,1261,2,2.0,6,6,3,3,1958,50,50,1,1,1,163000,12.001511614739405
7,1875,1250,2,2.5,5,5,4,4,2006,2,1,1,0,1,171900,12.05467400868968
5,4205,3086,0,3.0,12,6,3,5,1946,61,13,0,1,1,200500,12.208574513247495
6,3297,2345,2,2.5,9,8,3,3,1932,74,56,1,1,1,239000,12.384223015005313
8,4555,2872,2,2.5,9,5,4,4,1992,15,7,1,1,1,285000,12.560247968016562
5,1799,923,1,2.0,5,5,3,3,1984,24,23,1,0,1,119500,11.691080018519527
6,2042,1224,1,1.0,5,8,3,3,1926,83,5,1,0,1,115000,11.652696102959753
5,2074,1343,1,1.5,7,6,3,3,1921,88,59,1,1,1,154900,11.950541482162043
5,1124,1124,0,1.0,5,5,3,3,1954,52,52,0,1,0,93000,11.440365524765756
7,3730,2514,2,2.5,8,5,3,3,1990,16,15,1,0,1,250000,12.429220196836383
8,3252,1652,2,3.5,5,5,5,4,2008,0,0,1,1,1,392500,12.880294363972055
10,6872,4476,3,4.5,10,5,4,5,1996,11,11,1,1,1,745000,13.521140839642674
5,2250,1130,2,2.0,5,6,3,3,1920,86,56,1,1,1,120000,11.695255355062795
5,3144,1572,3,2.5,5,4,3,3,1963,44,44,1,1,1,186700,12.137263685701864
5,2005,1221,1,2.0,7,7,3,3,1924,82,56,1,0,1,104900,11.560772327227417
3,2677,1699,2,3.0,7,5,3,3,1900,109,39,1,0,1,95000,11.461642696843066
8,3248,1624,3,3.0,5,5,4,4,1994,12,11,1,1,1,262000,12.476103599529843
7,2491,1660,2,2.5,7,5,4,4,2002,7,7,1,0,1,195000,12.180759965737863
7,2798,1804,2,2.5,7,5,3,4,1999,11,11,1,1,1,189000,12.149507585033072
4,2871,1622,4,2.0,7,4,3,3,1961,46,32,1,1,1,168000,12.031725210748633
8,2217,1441,2,2.5,5,5,4,4,1999,8,7,1,0,1,174000,12.066816325306588
5,2174,1472,1,1.0,6,8,3,4,1925,82,13,1,0,1,125000,11.736077016252437
6,2448,1224,2,3.0,5,5,3,3,1999,10,10,1,0,1,165000,12.013706813470414
6,2015,1352,1,1.5,7,7,3,3,1969,41,41,1,0,1,158000,11.970356641102999
6,2184,1456,2,2.5,8,5,3,4,2005,3,3,1,0,1,176000,12.07824495582233
7,2742,1863,3,2.5,9,5,4,4,2006,0,0,1,1,1,219210,12.29779001527865
7,2505,1690,1,1.0,7,6,3,3,1916,90,56,1,1,1,144000,11.87757552297847
7,2424,1212,2,2.0,6,5,4,4,2001,8,8,1,0,1,178000,12.08954444723597
4,2433,1382,2,1.5,6,5,3,3,1963,43,27,1,1,1,148000,11.904974309480183
4,1728,864,1,1.0,5,5,3,3,1970,36,36,1,0,1,116050,11.6617850286409
7,2645,1779,2,2.5,6,5,3,4,1998,11,11,1,0,1,197900,12.19552218463499
5,2232,1348,1,2.0,5,8,3,3,1925,84,12,1,1,1,117000,11.669937760751914
7,3260,1630,2,2.0,6,5,4,4,2000,9,8,1,1,1,213000,12.269052139516223
5,2130,1074,2,2.5,6,6,3,3,1975,31,31,1,0,1,153500,11.941462360646149
7,4354,2196,3,2.0,7,7,4,4,1990,19,18,1,1,1,271900,12.513193308436527
4,2112,1056,1,2.0,5,4,3,3,1966,40,40,1,0,1,107000,11.580593459194764
6,3382,1700,2,3.0,7,5,4,4,2003,3,3,1,0,1,200000,12.206077645517674
5,2214,1283,2,2.0,6,7,3,3,1962,46,28,1,0,1,140000,11.849404844423074
8,3320,1660,2,3.0,8,5,4,4,2006,0,0,1,1,1,290000,12.577639650232573
6,2900,1845,2,2.5,8,5,4,4,1992,18,18,1,1,1,189000,12.149507585033072
8,2311,1752,2,2.0,8,7,4,3,1988,22,5,1,0,1,164000,12.00762780434872
4,1344,672,1,2.0,4,6,3,3,1941,68,59,1,0,1,113000,11.635151947212842
4,1608,960,1,1.5,3,9,3,3,1965,41,5,1,0,1,145000,11.884495917930655
5,1924,999,1,2.0,6,5,3,3,1962,44,44,1,0,1,134500,11.80932691294063
5,1788,894,1,1.0,5,5,3,3,1966,41,41,1,0,1,125000,11.736077016252437
6,1902,1902,2,2.0,8,5,3,3,1978,32,32,1,0,0,112000,11.626263078808801
8,2614,1314,2,3.0,6,5,4,4,2009,0,0,1,0,1,229456,12.343470927093518
4,912,912,0,1.0,3,5,3,3,1947,59,56,0,0,0,80500,11.296024885689746
6,1890,1218,0,1.5,7,5,3,3,1971,35,35,0,0,1,91500,11.424105180165641
5,1824,912,1,1.0,5,5,3,3,1964,42,42,1,0,1,115000,11.652696102959753
5,2163,1211,1,1.0,5,5,3,3,1968,40,40,1,1,1,134000,11.80560254159177
6,2886,1846,1,2.0,7,6,3,3,1949,58,57,1,1,1,143000,11.870606902224587
5,4272,2136,2,2.0,7,3,3,3,1951,55,55,1,0,1,137900,11.834291315386718
7,2278,1490,2,3.5,8,5,4,4,2004,4,3,1,1,1,184000,12.122696471358964
6,1726,1138,1,1.5,6,8,3,3,1958,49,49,1,0,1,145000,11.884495917930655
6,2827,1933,3,2.5,9,5,4,4,2007,1,1,1,1,1,214000,12.273735966890268
5,1824,912,2,2.0,5,8,3,4,1965,43,0,1,0,1,147000,11.898194668458823
9,3404,1702,3,2.5,7,5,5,5,2008,0,0,1,1,1,367294,12.813920618864572
5,2582,1507,1,2.0,7,5,3,3,1960,48,48,1,0,1,127000,11.751950239425476
5,3981,2620,2,3.0,12,5,3,3,1977,30,30,1,1,1,190000,12.154784614286667
5,2296,1190,2,2.0,6,6,3,3,1962,44,44,1,0,1,132500,11.794345471549745
4,1224,1224,2,2.0,6,5,3,3,1962,45,45,1,0,0,101800,11.530775206233024
5,2376,1188,2,2.0,6,5,3,3,1959,51,51,1,0,1,142000,11.863589378812122
5,2904,1964,0,1.5,7,6,3,3,1911,97,58,0,0,1,130000,11.775297421715827
5,2531,1784,1,1.5,9,5,3,3,1914,92,56,1,0,1,138887,11.841423131921784
7,2390,1626,2,2.5,6,5,4,4,2003,7,7,1,0,1,175500,12.075400019877522
7,2795,1948,2,2.5,8,5,4,4,2004,2,1,1,1,1,195000,12.180759965737863
6,2282,1141,2,1.5,6,5,4,3,2005,1,1,1,0,1,142500,11.86710429621008
8,2960,1484,2,2.0,6,5,4,5,2006,1,1,1,1,1,265900,12.490879338036375
7,2652,1768,2,3.5,8,5,4,4,2003,5,5,1,0,1,224900,12.323415584358154
7,3378,1689,3,2.0,7,6,4,4,2007,0,0,1,0,1,248328,12.42250975887691
7,2226,1173,2,3.0,6,6,3,4,1974,36,36,1,1,1,170000,12.04355959836804
10,4152,2076,3,3.5,7,5,5,5,2006,0,0,1,1,1,465000,13.049794835104816
8,2309,1517,2,1.0,7,7,3,4,1929,77,56,1,1,1,230000,12.345838935721968
6,2453,1868,2,3.5,7,7,3,3,1984,23,4,1,1,1,178000,12.08954444723597
7,2309,1553,2,2.5,6,5,4,4,2005,1,0,1,0,1,186500,12.136191879981927
6,2046,1034,3,2.0,6,5,3,3,1976,34,34,1,0,1,169900,12.042971193457888
6,2793,2058,2,1.5,8,5,3,3,1917,91,58,1,1,1,129500,11.771443882099637
5,1864,988,1,1.0,6,7,3,3,1950,57,57,1,0,1,119000,11.686887175419702
7,4220,2110,2,3.5,8,5,4,5,1968,42,42,1,1,1,244000,12.404927602627597
7,2810,1405,2,2.0,6,5,4,4,2003,3,3,1,1,1,171750,12.053801032483948
5,1738,874,1,2.0,5,6,3,3,1968,41,41,1,0,1,130000,11.775297421715827
7,3359,2167,2,3.5,9,7,4,4,1974,33,4,1,1,1,294000,12.591338447675579
7,2402,1656,2,2.5,7,5,4,4,2003,5,4,1,1,1,165400,12.016128107502665
6,2251,1367,1,1.0,6,6,3,3,1931,76,57,1,1,1,127500,11.755879486687116
8,3973,1987,2,3.0,7,5,4,4,1994,14,14,1,1,1,301500,12.616528611893463
5,1728,864,0,1.0,4,8,3,3,1922,87,59,0,0,1,99900,11.511934974596555
7,2022,1166,2,3.0,5,5,4,4,2005,3,3,1,0,1,190000,12.154784614286667
6,2108,1054,2,2.5,6,8,3,3,1969,39,39,1,0,1,151000,11.92504173829169
6,2516,1675,2,2.5,7,5,3,3,1999,10,10,1,1,1,181000,12.10625783509458
5,2100,1050,1,1.0,5,6,3,3,1956,53,53,1,0,1,128900,11.766799946849087
4,2892,1788,1,2.0,8,5,3,3,1957,52,20,1,1,1,161500,11.992266613576142
6,2588,1824,2,1.0,8,6,3,3,1919,88,57,1,1,1,180500,12.103491596905931
6,2742,1337,2,3.0,5,5,4,4,1998,10,9,1,0,1,181000,12.10625783509458
7,2143,1452,2,3.5,6,5,4,4,1999,7,7,1,0,1,183900,12.12215284831553
7,2814,1889,1,1.5,9,4,2,3,1910,97,57,1,1,1,122000,11.711784520403112
9,4020,2018,3,2.0,10,5,5,5,2008,2,1,1,1,1,378500,12.843973993864076
8,4175,3447,3,3.5,11,9,3,4,1935,73,11,1,1,1,381000,12.850557278777309
5,2398,1524,1,1.5,7,5,3,3,1958,49,49,1,0,1,144000,11.87757552297847
7,2856,1524,2,2.5,4,6,4,4,1979,31,31,1,1,1,260000,12.468440756144114
6,2978,1489,2,2.0,7,7,3,4,1968,41,41,1,1,1,185750,12.132162346145595
5,1870,935,1,2.0,5,6,3,3,1965,41,41,1,0,1,137000,11.827743504053695
6,2376,1357,1,2.0,5,7,3,5,1959,49,2,1,1,1,177000,12.083910661257521
5,1911,1250,2,2.0,8,6,3,3,1910,97,4,1,1,1,139000,11.842236406331555
5,2848,1920,2,2.0,10,5,3,3,1948,59,57,1,0,1,137000,11.827743504053695
6,2118,1395,2,2.0,6,6,3,3,1972,37,37,1,1,1,162000,11.995357787034976
6,3404,1724,2,2.5,7,5,3,3,1967,42,33,1,1,1,197900,12.19552218463499
8,3159,2031,2,3.5,7,5,4,4,2002,6,6,1,1,1,237000,12.37581963951765
4,1826,1128,2,1.0,6,4,3,3,1920,90,60,1,0,1,68400,11.133142723386813
7,3146,1573,2,3.0,6,5,4,4,2002,7,7,1,0,1,227000,12.33270970174018
7,2648,1339,2,3.0,6,5,3,3,1990,16,16,1,1,1,180000,12.100717685412471
5,2080,1040,2,2.0,5,7,3,4,1977,32,1,1,0,1,150500,11.921725007667265
6,2736,1824,0,3.0,8,5,3,3,1971,39,39,0,0,1,139000,11.842236406331555
6,3251,2447,1,2.0,10,7,3,4,1919,91,20,1,1,1,169000,12.037659911047468
6,2192,1412,1,1.0,6,6,3,3,1939,70,59,1,1,1,132500,11.794345471549745
6,2656,1328,2,2.5,6,5,3,3,1963,47,47,1,1,1,143000,11.870606902224587
5,3206,1582,2,2.5,7,5,3,3,1964,42,42,1,0,1,190000,12.154784614286667
8,3160,1659,2,3.0,5,5,4,5,2000,9,9,1,1,1,278000,12.535379989788607
8,3055,1970,3,2.5,8,5,4,5,2006,0,0,1,1,1,281000,12.546113507028412
5,2304,1152,2,2.0,6,7,3,3,1964,46,46,1,1,1,180500,12.103491596905931
5,1932,1302,1,2.5,6,7,3,3,1972,37,37,1,0,1,119500,11.691080018519527
5,3366,2372,1,2.0,11,4,3,3,1892,117,44,1,0,1,107500,11.58525542883217
7,2496,1664,2,2.5,8,5,3,3,1976,30,30,1,1,1,162900,12.000897933306716
5,1728,864,2,2.0,5,7,3,3,1955,51,16,1,0,1,115000,11.652696102959753
5,2104,1052,1,2.5,5,5,3,3,1968,38,38,1,0,1,138500,11.83863282480007
5,2248,1128,2,3.0,6,6,3,3,1963,45,45,1,0,1,155000,11.951186847493476
6,1619,1072,2,3.0,5,5,3,3,2005,1,0,1,0,1,140000,11.849404844423074
5,2492,1246,1,2.5,6,7,3,4,1959,51,16,1,0,1,154000,11.944714374881176
7,2961,1983,2,2.5,9,5,4,4,1999,10,10,1,1,1,225000,12.323860125621126
6,2265,1494,1,1.0,7,7,3,4,1942,67,59,1,1,1,177500,12.086731521684555
8,3691,2526,3,3.5,8,5,4,4,1994,12,12,1,1,1,290000,12.577639650232573
7,3232,1616,3,2.0,7,5,4,4,2005,1,1,1,0,1,232000,12.354496960983985
7,2684,1708,2,2.0,7,5,4,4,2004,2,2,1,0,1,130000,11.775297421715827
9,3304,1652,2,3.0,6,5,4,5,2006,3,2,1,1,1,325000,12.691583538230217
7,2736,1368,2,2.0,6,5,4,4,2005,1,0,1,1,1,202500,12.218500103788143
5,1980,990,2,2.0,5,5,3,3,1994,15,14,1,0,1,138000,11.835016210489899
5,2046,1122,2,2.0,6,7,3,4,1948,60,3,1,0,1,147000,11.898194668458823
6,2572,1294,2,3.0,6,5,3,4,1991,17,17,1,0,1,179200,12.09626335986454
7,3804,1902,2,3.0,7,8,4,5,1959,51,8,1,1,1,335000,12.721888795877375
7,2548,1274,2,3.0,6,5,4,4,2005,2,0,1,0,1,203000,12.220966184120165
8,4263,2810,2,2.5,9,5,4,4,1990,17,17,1,1,1,302000,12.618185607609803
9,3992,2599,3,2.5,10,5,4,4,1999,11,11,1,1,1,333168,12.716405147731708
4,1896,948,1,2.0,5,6,3,3,1954,53,53,1,1,1,119000,11.686887175419702
6,3064,2112,2,2.5,9,5,3,3,1969,39,39,1,1,1,206900,12.239995696974733
8,3252,1630,3,3.0,8,5,4,5,2008,1,1,1,1,1,295493,12.596403811053621
7,2704,1352,2,2.0,5,5,4,4,2006,1,0,1,1,1,208900,12.249615734512616
8,3540,1787,3,2.0,7,5,4,4,2001,5,4,1,1,1,275000,12.524530013005734
4,1812,948,1,1.0,5,5,3,3,1954,53,53,1,0,1,111000,11.6172944892629
6,2956,1478,2,2.5,6,3,3,3,1957,52,52,1,1,1,156500,11.960817678718287
3,720,720,1,1.0,4,6,3,3,1949,59,58,1,0,0,72500,11.19135563385109
7,2673,1923,2,3.5,8,5,4,4,1992,18,18,1,1,1,190000,12.154784614286667
4,1128,708,0,1.0,5,7,2,2,1940,69,59,0,0,1,82500,11.320565693461432
8,3590,1795,3,2.0,7,5,4,4,2006,1,0,1,1,1,147000,11.898194668458823
4,1592,796,0,1.0,5,4,3,3,1922,86,58,0,0,1,55000,10.915106645867503
3,1318,774,0,1.0,6,6,3,4,1931,76,1,0,0,1,79000,11.277215789596893
5,1632,816,1,1.5,5,9,4,4,1982,26,0,1,1,1,130500,11.779136168550774
6,4302,2792,2,2.0,8,7,4,3,1920,88,58,1,1,1,256000,12.45293662970407
7,2567,1632,2,2.5,8,5,3,3,1998,8,8,1,1,1,176500,12.081081821061819
8,3176,1588,3,2.0,7,5,4,4,2006,1,1,1,1,1,227000,12.33270970174018
5,1865,954,2,1.0,6,5,3,3,1976,30,30,1,0,1,132500,11.794345471549745
4,1632,816,1,2.0,3,6,3,3,1938,71,51,1,1,1,100000,11.51293546492023
5,2163,1360,1,1.5,6,6,3,4,1938,68,11,1,0,1,125500,11.74006900564972
5,2130,1365,2,1.5,7,6,3,3,1970,39,39,1,0,1,125000,11.736077016252437
6,2684,1334,2,2.5,6,5,3,3,1977,32,32,1,1,1,167900,12.031129798974042
5,3312,1656,2,2.0,8,5,3,3,1973,35,35,1,0,1,135000,11.813037464800539
4,1386,693,0,1.0,4,4,3,2,1941,65,56,0,0,1,52500,10.868587496017359
7,2777,1861,2,3.5,8,5,4,4,2002,4,4,1,0,1,200000,12.206077645517674
5,1728,864,1,1.0,5,7,3,3,1972,34,34,1,0,1,128500,11.763691965388299
4,1730,872,4,1.0,5,5,3,3,1971,36,36,1,0,1,123000,11.719947764402807
6,2228,1114,2,2.0,6,5,3,4,2003,5,4,1,0,1,155000,11.951186847493476
8,3453,2169,2,2.5,7,5,4,4,2002,5,5,1,1,1,228500,12.339295865674435
6,2809,1913,2,1.5,9,6,3,3,1928,81,59,1,1,1,177000,12.083910661257521
7,2184,1456,2,2.5,8,5,4,4,2006,1,1,1,1,1,155835,11.95655945119582
4,1920,960,1,1.0,5,4,3,2,1920,87,57,1,0,1,108500,11.59451466851004
7,3724,2156,2,2.0,9,7,3,3,1968,38,3,1,1,1,262500,12.47801017053037
8,3508,1776,3,3.0,7,5,4,4,2006,1,0,1,1,1,283463,12.554840409959793
7,2976,1494,2,3.0,5,5,4,4,1998,9,9,1,1,1,215000,12.278397958261774
8,2837,2358,0,2.0,8,5,3,3,1872,136,21,0,0,1,122000,11.711784520403112
5,3882,2634,4,4.5,12,5,3,3,1969,40,40,1,0,1,200000,12.206077645517674
6,2574,1716,2,1.5,8,6,3,3,1962,46,46,1,1,1,171000,12.049424683420915
6,1874,1176,2,1.0,4,9,4,3,1937,72,9,1,0,1,134900,11.812296455066814
8,5271,3238,3,3.5,9,5,4,4,1995,15,14,1,1,1,410000,12.923914877701906
7,2857,1865,3,3.5,7,5,4,4,2000,8,8,1,1,1,235000,12.367345048436391
7,2490,1920,2,3.0,8,6,3,4,1968,38,14,1,1,1,170000,12.04355959836804
5,1756,892,1,1.0,5,5,3,3,1966,42,42,1,0,1,110000,11.608244735642321
5,2156,1078,2,2.5,6,6,3,3,1971,39,2,1,1,1,149900,11.917730355182513
6,2329,1573,2,2.5,5,5,4,4,2000,10,10,1,0,1,177500,12.086731521684555
9,3960,1980,3,3.0,8,5,4,5,2004,2,1,1,1,1,315000,12.660331092405906
5,3213,2601,2,3.5,8,6,3,3,1921,87,10,1,0,1,189000,12.149507585033072
7,3060,1530,2,3.0,7,5,4,4,2005,4,4,1,1,1,260000,12.468440756144114
4,2453,1738,1,2.0,7,4,3,3,1920,89,2,1,1,1,104900,11.560772327227417
6,2028,1412,2,2.5,6,5,3,4,2006,1,0,1,1,1,156932,11.963574241653713
7,1720,1200,2,2.5,4,5,4,4,2005,1,1,1,0,1,144152,11.878630514504515
7,2488,1674,2,3.5,7,5,4,4,2000,10,10,1,0,1,216000,12.283038316285214
7,2663,1790,2,3.5,7,5,4,4,1999,9,9,1,0,1,193000,12.170450649220749
5,2232,1475,1,2.0,6,6,3,3,1977,29,29,1,1,1,127000,11.751950239425476
6,1696,848,2,2.0,4,5,4,4,2003,6,5,1,0,1,144000,11.87757552297847
8,3325,1668,2,3.0,8,5,4,4,2003,7,7,1,1,1,232000,12.354496960983985
4,2214,1374,1,1.0,6,6,2,3,1920,89,59,1,0,1,105000,11.561725152903833
6,2653,1661,1,2.0,8,6,3,4,1955,53,12,1,1,1,165500,12.016732516077072
7,3205,2097,2,3.5,8,6,3,4,1998,8,8,1,1,1,274300,12.521981322562505
10,5266,2633,3,3.5,8,5,5,5,2001,6,5,1,1,1,466500,13.05301544288996
7,2984,1958,3,2.5,9,5,4,4,2005,3,3,1,1,1,250000,12.429220196836383
8,3142,1571,3,2.0,7,5,4,4,2007,0,0,1,1,1,239000,12.384223015005313
6,1558,790,1,1.0,4,5,3,3,1930,78,58,1,0,1,91000,11.418625774449598
5,2588,1604,2,2.0,6,5,3,3,1941,68,49,1,0,1,117000,11.669937760751914
6,1470,987,1,1.5,5,5,3,3,1973,33,33,1,0,1,83000,11.326607934898927
5,1778,1394,2,2.5,7,5,3,4,2006,2,1,1,0,1,167500,12.02874460037869
3,1728,864,1,2.0,5,3,3,3,1914,96,60,1,0,1,58500,10.97679912709094
6,3322,2117,2,2.5,7,7,3,3,1970,38,38,1,1,1,237500,12.377927112974284
7,2358,1762,2,2.5,8,7,3,4,1920,86,56,1,0,1,157000,11.964007453736912
5,2232,1416,2,2.0,7,7,3,4,1918,89,0,1,0,1,112000,11.626263078808801
6,1818,1258,1,1.0,6,5,3,3,1939,70,59,1,0,1,105000,11.561725152903833
4,1950,1154,1,2.0,7,8,3,4,1922,88,3,1,0,1,125500,11.74006900564972
7,4176,2784,2,4.5,12,5,3,4,1978,28,28,1,1,1,250000,12.429220196836383
6,3240,2526,1,2.0,10,7,3,4,1916,91,57,1,1,1,136000,11.820417517632333
9,3492,1746,3,3.0,7,5,5,5,2006,3,2,1,1,1,377500,12.84132849667433
6,1953,1218,2,1.5,6,6,3,3,1941,66,57,1,1,1,131000,11.782960235741939
7,3050,1525,2,3.0,6,5,4,4,2000,6,6,1,0,1,235000,12.367345048436391
5,3168,1584,3,2.0,8,5,3,3,1967,42,42,1,0,1,124000,11.728044909070785
5,1764,900,1,2.0,6,5,3,3,1967,39,39,1,1,1,123000,11.719947764402807
6,2394,1912,2,2.0,7,7,3,3,1905,103,8,1,1,1,163000,12.001511614739405
7,2856,1500,3,3.0,6,5,4,4,2006,0,0,1,1,1,246578,12.415437707935368
8,3576,2482,3,2.5,9,5,4,4,2005,2,1,1,1,1,281213,12.546871224308068
5,2434,1687,2,2.0,7,5,3,3,1948,62,60,1,1,1,160000,11.982935344196433
5,2452,1513,1,1.5,8,8,3,3,1920,87,3,1,0,1,137500,11.83138646878959
5,3112,1904,1,2.5,7,4,3,3,1950,59,27,1,0,1,138000,11.835016210489899
6,2584,1608,1,2.5,7,6,3,4,1925,84,19,1,1,1,137450,11.831022768939789
6,2020,1158,1,1.0,5,7,3,3,1929,79,58,1,1,1,120000,11.695255355062795
6,2432,1593,2,3.5,8,5,3,3,2004,4,4,1,1,1,193000,12.170450649220749
7,2580,1294,2,2.0,6,5,4,4,2006,0,0,1,1,1,193879,12.174994689959313
8,2949,1464,3,3.0,6,5,4,4,2007,0,0,1,0,1,282922,12.552930054797935
3,1886,1214,3,1.0,6,4,3,3,1915,91,56,1,0,1,105000,11.561725152903833
8,3240,1646,2,3.5,5,5,4,4,2004,4,3,1,1,1,275000,12.524530013005734
5,1536,768,2,2.0,5,7,3,3,1972,37,2,1,0,1,133000,11.798111925972618
5,1666,833,0,2.0,5,5,3,3,1985,24,24,0,0,1,112000,11.626263078808801
4,1985,1363,2,1.0,6,7,3,3,1910,100,60,1,0,1,125500,11.74006900564972
7,2884,2093,2,2.5,7,6,3,3,1986,22,17,1,1,1,215000,12.278397958261774
7,2784,1840,2,3.5,6,5,4,4,2001,8,8,1,0,1,230000,12.345838935721968
6,2524,1668,1,1.5,6,8,3,3,1950,59,4,1,0,1,140000,11.849404844423074
4,1040,1040,2,2.0,6,5,3,3,1949,60,59,1,0,0,90000,11.407576060361786
8,3688,1844,2,3.0,7,5,4,4,2005,4,3,1,1,1,257000,12.456835254920371
6,2681,1848,2,1.5,8,7,3,4,1923,85,8,1,1,1,207000,12.240478903153711
7,2955,1569,3,2.5,7,5,4,4,2007,2,2,1,1,1,175900,12.077676615757813
4,3067,2290,2,2.0,11,6,3,3,1885,125,60,1,0,1,122500,11.715874472198905
8,3734,2450,3,3.5,7,5,4,4,1998,11,11,1,1,1,340000,12.73670383776449
5,2288,1144,1,2.5,6,5,3,3,1963,45,45,1,0,1,124000,11.728044909070785
6,3688,1844,2,3.0,7,5,4,4,1969,37,37,1,1,1,223000,12.314931534737134
6,2124,1416,2,2.5,7,6,3,3,1968,38,38,1,1,1,179900,12.100161978566867
6,2138,1069,2,2.0,4,5,3,3,1977,33,33,1,1,1,127500,11.755879486687116
6,1696,848,2,2.0,3,5,4,4,2003,5,5,1,0,1,136500,11.824087219587643
6,2898,2201,2,2.0,8,7,4,4,1966,40,40,1,1,1,274970,12.524420916542532
5,2368,1344,1,2.0,6,5,3,3,1958,49,24,1,1,1,144000,11.87757552297847
6,2504,1252,2,1.0,7,6,4,4,1959,49,49,1,0,1,142000,11.863589378812122
7,3350,2127,2,3.5,5,5,4,4,1994,14,14,1,1,1,271000,12.509877789891931
5,2471,1558,1,2.5,6,6,3,3,1945,63,58,1,1,1,140000,11.849404844423074
5,1592,804,1,2.0,4,7,3,4,1940,70,18,1,1,1,119000,11.686887175419702
6,2880,1440,2,2.0,7,7,4,4,1981,26,26,1,1,1,182900,12.116700301832573
5,2570,1838,2,2.5,7,5,4,3,2005,1,1,1,1,1,192140,12.165984756488543
6,1916,958,2,2.0,5,6,3,3,1976,33,33,1,0,1,143750,11.87583791515714
4,1624,968,1,2.0,5,6,3,3,1927,80,0,1,0,1,64500,11.07443600653965
6,2728,1792,2,3.5,8,5,3,3,2000,8,8,1,1,1,186500,12.136191879981927
5,2252,1126,2,3.0,5,5,3,3,1977,29,29,1,1,1,160000,11.982935344196433
6,2856,1537,2,2.5,7,9,4,4,1962,46,3,1,1,1,174000,12.066816325306588
4,1728,864,2,1.0,5,6,3,3,1971,36,36,1,0,1,120500,11.699413330633599
8,3864,1932,3,3.0,7,5,5,5,2008,0,0,1,1,1,394617,12.885673487343764
6,2148,1236,2,2.0,6,7,3,3,1957,53,14,1,0,1,149700,11.916395250412128
7,2264,1725,2,2.5,6,6,3,3,1979,28,28,1,1,1,197000,12.190964083849375
6,2759,2555,2,2.0,11,7,3,3,1922,86,14,1,1,1,191000,12.160033942617156
6,1696,848,2,2.0,3,5,4,4,2004,4,4,1,1,1,149300,11.913719681428494
10,3024,2007,3,3.5,10,5,5,5,2008,1,1,1,1,1,310000,12.644330802262578
6,1904,952,1,1.0,4,6,3,2,1916,93,59,1,1,1,121000,11.703554089007538
7,2844,1422,2,2.0,7,5,4,4,2004,3,3,1,0,1,179600,12.098493002763465
6,1727,913,1,2.0,6,5,3,3,1966,41,41,1,0,1,129000,11.767575435251748
5,2376,1188,1,1.0,6,7,3,3,1962,48,48,1,0,1,157900,11.969723533345908
8,3310,2090,2,3.5,8,5,4,4,1995,12,11,1,1,1,240000,12.388398368982115
4,1906,1346,1,1.5,6,7,3,3,1910,97,7,1,0,1,112000,11.626263078808801
5,1260,630,0,2.0,3,7,3,5,1970,36,36,0,0,1,92000,11.429554725537322
5,2688,1792,0,3.0,8,5,3,3,1974,35,35,0,0,1,136000,11.820417517632333
8,3151,1578,3,2.0,7,5,4,5,2008,1,0,1,1,1,287090,12.567554517655415
5,1619,1072,2,2.0,5,5,3,3,2005,1,1,1,0,1,145000,11.884495917930655
5,2280,1140,0,1.0,6,5,3,3,2006,0,0,0,0,1,84500,11.344518647594766
7,2442,1221,2,3.0,6,5,4,4,2004,5,4,1,0,1,185000,12.128116509451258
6,2600,1647,2,2.5,7,5,3,3,1999,8,7,1,1,1,175000,12.07254696717504
6,3615,2073,2,3.0,7,6,3,3,1978,32,22,1,1,1,210000,12.25486757159303
7,3492,2340,1,2.0,9,9,5,4,1941,69,4,1,1,1,266500,12.493133274926212
5,2156,1078,1,2.0,5,6,3,4,1950,60,14,1,0,1,142125,11.864469267087891
5,2512,1256,1,2.5,6,6,4,3,1965,43,43,1,0,1,147500,11.901590234400047
